dispDate,monthName,monthNameGuj,paksha,pakshaGuj,tithi,tithiGuj,eventTitle,eventTitleGuj,eventDesc,eventDescGuj,iconURL
3/1/2023 0:00,Phagun,ફાગણ,Sud,સુદ,Dasham,દશમ,,,,,
3/2/2023 0:00,Phagun,ફાગણ,Sud,સુદ,Agiyaras,અગિયારસ,,,,,
3/3/2023 0:00,Phagun,ફાગણ,Sud,સુદ,Ekadashi,એકાદશી,Amalki Ekadashi,"આમલકી એકાદશી, ઉપવાસ","According to the legend narrated for the occasion, King Chitrasena and his subjects observed the vrata of Amalaka Ekadashi. During one of his hunting trips, Chitrasena lost his way in the forest and was captured by the rakshasas (demons) who attacked him with weapons. Though he remained physically unharmed, the king fell unconscious as more rakshasas surrounded him. A divine power in the form of a light emerged from his body and destroyed his attackers and then vanished. On regaining consciousness, Chitrasena was stunned to see all the attackers killed. A divine voice (Akasavani) announced that this was due to the observance of the Ekadashi vrata. Following this incident, the vrata became popular in the kingdom, which led to peace and harmony.",,https://app.haridham.us/appassets/ekadashi.jpg
3/4/2023 0:00,Phagun,ફાગણ,Sud,સુદ,Baras,બારસ,,,,,
3/5/2023 0:00,Phagun,ફાગણ,Sud,સુદ,Teras,તેરસ,,,,,
3/6/2023 0:00,Phagun,ફાગણ,Sud,સુદ,Chaudas,ચૌદસ,,,,,
3/6/2023 0:00,Phagun,ફાગણ,Sud,સુદ,Punam,પૂનમ,Hutasani Poonam,"પૂનમ, હુતાશની",The famous Holika Dahan associated with Holi festival is observed on the Hutasani Purnima day.,,
3/6/2023 0:00,Phagun,ફાગણ,Sud,સુદ,Punam,પૂનમ,Holika Dahan,હોલિકાદહન,,,
3/6/2023 0:00,Phagun,ફાગણ,Sud,સુદ,Punam,પૂનમ,Bhramswaroop Shri Bhagatji Maharaj no Pragatya Din,"બ્રહ્મસ્વરૂપ શ્રી ભગતજીમહારાજનો પ્રાગટ્યદિન (સં. ૧૮૮૫) (પ્રાગટ્ય : મહુવા, જિ. ભાવનગર)",,,
3/7/2023 0:00,Phagun,ફાગણ,Vad,વદ,Padvo,પડવો,"Dhuleti, Holastak Kamuratam Samapt","ધૂળેટી, હોળાષ્ટક-કમૂરતાં સમાપ્ત",,,
3/7/2023 0:00,Phagun,ફાગણ,Vad,વદ,Padvo,પડવો,Rangotsav,"રંગોત્સવ, ફુલદોલોત્સવ",,,
3/7/2023 0:00,Phagun,ફાગણ,Vad,વદ,Padvo,પડવો,Sant Bhagvant P.P. Jashbhai Saheebji no Pragatya Din,સંતભગવંત પ.પૂ. જશભાઈ સાહેબજીનો પ્રાગટ્યદિન (વિ. સં ૧૯૯૬),,,
3/8/2023 0:00,Phagun,ફાગણ,Vad,વદ,Beej,બીજ,,,,,
3/9/2023 0:00,Phagun,ફાગણ,Vad,વદ,Treej,ત્રીજ,,,,,
3/10/2023 0:00,Phagun,ફાગણ,Vad,વદ,Treej,ત્રીજ,,,,,
3/11/2023 0:00,Phagun,ફાગણ,Vad,વદ,Choth,ચોથ,,,,,
3/12/2023 0:00,Phagun,ફાગણ,Vad,વદ,Pancham,પંચમ,,,,,
3/13/2023 0:00,Phagun,ફાગણ,Vad,વદ,Chhath,છઠ,,,,,
3/14/2023 0:00,Phagun,ફાગણ,Vad,વદ,Satam,સાતમ,,,,,
3/15/2023 0:00,Phagun,ફાગણ,Vad,વદ,Atham,આઠમ,,,,,
3/16/2023 0:00,Phagun,ફાગણ,Vad,વદ,Nom,નોમ,,,,,
3/17/2023 0:00,Phagun,ફાગણ,Vad,વદ,Dasham,દશમ,,,,,
3/18/2023 0:00,Phagun,ફાગણ,Vad,વદ,Ekadashi,એકાદશી,,,,,https://app.haridham.us/appassets/ekadashi.jpg
3/19/2023 0:00,Phagun,ફાગણ,Vad,વદ,Baras,બારસ,,,,,
3/20/2023 0:00,Phagun,ફાગણ,Vad,વદ,Chaudas,ચૌદસ,,,,,
3/21/2023 0:00,Phagun,ફાગણ,Vad,વદ,Amas,અમાસ,,,,,
3/22/2023 0:00,Chaitra,ચૈતર,Sud,સુદ,Padvo,પડવો,Chaitra Samvatsara Prarambh,ચૈત્રી સંવત્સર પ્રારંભ,"A cycle of sixty years, starts",,
3/22/2023 0:00,Chaitra,ચૈતર,Sud,સુદ,Padvo,પડવો,Shri Swaminarayan Samvat 243 Prarambh,શ્રી સ્વામિનારાયણ સંવત-૨૪૩ પ્રારંભ,,,
3/22/2023 0:00,Chaitra,ચૈતર,Sud,સુદ,Padvo,પડવો,Gudi Padvo (Maharashtrian Nutanvarsh),ગુડી પડવો (મહારાષ્ટ્રીયન નૂતનવર્ષ),,,
3/22/2023 0:00,Chaitra,ચૈતર,Sud,સુદ,Padvo,પડવો,Cheti Chand (Sindhi Nutanvarsh),ચેટીચાંદ (સિંધી નૂતનવર્ષ),,,
3/22/2023 0:00,Chaitra,ચૈતર,Sud,સુદ,Padvo,પડવો,Chaitra Navratri Prarambh (Aajthi nav divas sudhi kadva limbda no raas pivo),ચૈત્રી નવરાત્રિ પ્રારંભ (આજથી નવ દિવસ સુધી કડવા લીમડાનો રસ પીવો.),,,
3/23/2023 0:00,Chaitra,ચૈતર,Sud,સુદ,Beej,બીજ,,,,,
3/24/2023 0:00,Chaitra,ચૈતર,Sud,સુદ,Treej,ત્રીજ,,,,,
3/25/2023 0:00,Chaitra,ચૈતર,Sud,સુદ,Choth,ચોથ,,,,,
3/26/2023 0:00,Chaitra,ચૈતર,Sud,સુદ,Pancham,પંચમ,,,,,
3/27/2023 0:00,Chaitra,ચૈતર,Sud,સુદ,Chhath,છઠ,,,,,
3/27/2023 0:00,,,,,,,"Bharuch Hari Mandira no Patotsav (date: March 27, 2016)",ભરૂચ હરિમંદિરનો પાટોત્સવ (તા : ૨૭-૩-૨૦૧૬),,,
3/28/2023 0:00,Chaitra,ચૈતર,Sud,સુદ,Satam,સાતમ,,,,,
3/29/2023 0:00,Chaitra,ચૈતર,Sud,સુદ,Atham,આઠમ,,,,,
3/30/2023 0:00,Chaitra,ચૈતર,Sud,સુદ,Nom,નોમ,"Purna Purushottam Bhagwan Shri Swaminarayan no Pradurbhav Din, Ratre 10:10 (Samvat 1837; Chappaiya)","પૂર્ણ પુરુષોત્તમ ભગવાન શ્રી સ્વામિનારાયણનો પ્રાદુર્ભાવદિન, રાત્રે ૧૦.૧૦ (સં. ૧૮૩૭, છપૈયા, યુ.પી.)",,,
3/30/2023 0:00,Chaitra,ચૈતર,Sud,સુદ,Nom,નોમ,"Maryada Purushottam Bhagwan Shri Ramchandraji no Pragatyadin (Ayodha, U.P.)","મયાર્દા પુરુષોત્તમ ભગવાન શ્રી રામચંદ્રજીનો પ્રાગટ્યદિન (અયોધ્યા, યુ.પી.)",,,
3/30/2023 0:00,Chaitra,ચૈતર,Sud,સુદ,Nom,નોમ,"Haridham Sokhada Mandirna Shri Thakorji no Patotsav (April 12, 1981)",હરિધામ-સોખડા મંદિરના શ્રી ઠાકોરજીનો પાટોત્સવ (તા : ૧૨-૪-૧૯૮૧),,,
3/30/2023 0:00,Chaitra,ચૈતર,Sud,સુદ,Nom,નોમ,Nirjal Upvas,નિર્જલ ઉપવાસ,,,
3/31/2023 0:00,Chaitra,ચૈતર,Sud,સુદ,Dasham,દશમ,,,,,
4/1/2023 0:00,Chaitra,ચૈતર,Sud,સુદ,Ekadashi,એકાદશી,Kamada Ekadashi,કામદા એકાદશી,Kamada Ekadashi is believed to fulfil all worldly desires of devotees (kamada meaning ‘fulfillment of desire).,,https://app.haridham.us/appassets/ekadashi.jpg
4/2/2023 0:00,Chaitra,ચૈતર,Sud,સુદ,Baras,બારસ,,,,,
4/3/2023 0:00,Chaitra,ચૈતર,Sud,સુદ,Teras,તેરસ,Bhramswaroop Yogiji Maharaj ni Diksha Tithi (Vadtal; Samvat 1967),"બ્રહ્મસ્વરૂપ યોગીજીમહારાજની દીક્ષાતિથિ (વડતાલ, વિ. સં ૧૯૬૭)",,,
4/3/2023 0:00,Chaitra,ચૈતર,Sud,સુદ,Teras,તેરસ,Shri Mahavir Jayanti,શ્રી મહાવીર જયંતી,,,
4/4/2023 0:00,Chaitra,ચૈતર,Sud,સુદ,Chaudas,ચૌદસ,,,,,
4/5/2023 0:00,Chaitra,ચૈતર,Sud,સુદ,Punam,પૂનમ,Shri Hanuman Jayanti,શ્રી હનુમાન જયંતી,,,
4/6/2023 0:00,Chaitra,ચૈતર,Vad,વદ,Padvo,પડવો,,,,,
4/7/2023 0:00,Chaitra,ચૈતર,Vad,વદ,Beej,બીજ,,,,,
4/8/2023 0:00,Chaitra,ચૈતર,Vad,વદ,Treej,ત્રીજ,,,,,
4/9/2023 0:00,Chaitra,ચૈતર,Vad,વદ,Choth,ચોથ,,,,,
4/10/2023 0:00,Chaitra,ચૈતર,Vad,વદ,Pancham,પંચમ,,,,,
4/11/2023 0:00,Chaitra,ચૈતર,Vad,વદ,Chhath,છઠ,,,,,
4/12/2023 0:00,Chaitra,ચૈતર,Vad,વદ,Satam,સાતમ,,,,,
4/13/2023 0:00,Chaitra,ચૈતર,Vad,વદ,Atham,આઠમ,,,,,
4/13/2023 0:00,,,,,,,"Khodatalava (Vyara) Hari Mandir no Patotsav (date: April 13, 2014)",ખોડતલાવ (જિ. વ્યારા) હરિમંદિરનો પાટોત્સવ (તા : ૧૩-૪-૨૦૧૪),,,
4/14/2023 0:00,Chaitra,ચૈતર,Vad,વદ,Nom,નોમ,,,,,
4/15/2023 0:00,Chaitra,ચૈતર,Vad,વદ,Dasham,દશમ,,,,,
4/16/2023 0:00,Chaitra,ચૈતર,Vad,વદ,Ekadashi,એકાદશી,,વરૂથિની એકાદશી,,,https://app.haridham.us/appassets/ekadashi.jpg
4/16/2023 0:00,Chaitra,ચૈતર,Vad,વદ,Ekadashi,એકાદશી,,શ્રી વલ્લભાચાર્ય જયંતી,,,https://app.haridham.us/appassets/ekadashi.jpg
4/17/2023 0:00,Chaitra,ચૈતર,Vad,વદ,Baras,બારસ,,,,,
4/18/2023 0:00,Chaitra,ચૈતર,Vad,વદ,Teras,તેરસ,,,,,
4/19/2023 0:00,Chaitra,ચૈતર,Vad,વદ,Chaudas,ચૌદસ,,,,,
4/20/2023 0:00,Chaitra,ચૈતર,Vad,વદ,Amas,અમાસ,,,,,
4/21/2023 0:00,Vaishakh,વૈશાખ,Sud,સુદ,Padvo,પડવો,,,,,
4/22/2023 0:00,Vaishakh,વૈશાખ,Sud,સુદ,Beej,બીજ,,અખાત્રીજ - અક્ષયતૃતીયા,,,
4/22/2023 0:00,Vaishakh,વૈશાખ,Sud,સુદ,Beej,બીજ,,શ્રી ઠાકોરજની મૂર્તિઓને ચંદનનાં વાઘાં ધરાવવાનો પ્રારંભ,,,
4/22/2023 0:00,Vaishakh,વૈશાખ,Sud,સુદ,Beej,બીજ,,શ્રી પરશુરામ જયંતી,,,
4/23/2023 0:00,Vaishakh,વૈશાખ,Sud,સુદ,Treej,ત્રીજ,,,,,
4/24/2023 0:00,Vaishakh,વૈશાખ,Sud,સુદ,Choth,ચોથ,,બ્રહ્મસ્વરૂપ શાસ્ત્રીજીમહારાજની સ્વધામગમનતિથિ (વિ. સં. ૨૦૦૭),,,
4/25/2023 0:00,Vaishakh,વૈશાખ,Sud,સુદ,Pancham,પંચમ,,શ્રી રામાનુજાચાર્ય જયંતી,,,
4/25/2023 0:00,Vaishakh,વૈશાખ,Sud,સુદ,Pancham,પંચમ,,શ્રી આદ્યશંકરાચાર્ય જયંતી,,,
4/26/2023 0:00,Vaishakh,વૈશાખ,Sud,સુદ,Chhath,છઠ,,,,,
4/27/2023 0:00,Vaishakh,વૈશાખ,Sud,સુદ,Satam,સાતમ,,,,,
4/28/2023 0:00,Vaishakh,વૈશાખ,Sud,સુદ,Atham,આઠમ,,,,,
4/29/2023 0:00,Vaishakh,વૈશાખ,Sud,સુદ,Nom,નોમ,,,,,
4/30/2023 0:00,Vaishakh,વૈશાખ,Sud,સુદ,Dasham,દશમ,,"બ્રહ્મસ્વરૂપ યોગીજીમહારાજનો પ્રાગટ્યદિન (ધારી, તા. ૨૩-૦૫-૧૮૯૧)",,,
4/30/2023 0:00,Vaishakh,વૈશાખ,Sud,સુદ,Dasham,દશમ,,"બ્રહ્મસ્વરૂપ હરિપ્રસાદસ્વામીજી મહારાજનો પ્રાગટ્યદિન (આસોજ, તા. ૨૩-૦૫-૧૯૩૪)",,,
5/1/2023 0:00,Vaishakh,વૈશાખ,Sud,સુદ,Ekadashi,એકાદશી,Mohini Ekadashi,મોહિની એકાદશી,"Mohini was the incarnated form of Lord Vishnu. At the time of Samudra Manthan, when nectar was churned out, there was a dispute that took place between demons and deities about who will consume the Amrit. Deities sought help from Lord Vishnu and thus appeared in the form of a beautiful woman named Mohini to distract the attention of the devils from the pot of nectar. Thus, all the deities consumed nectar with the help of Lord Vishnu. That is why the day is celebrated as Mohini Ekadashi.",,https://app.haridham.us/appassets/ekadashi.jpg
5/1/2023 0:00,,,,,,,Gujarat Sthapana Din,ગુજરાત સ્થાપનાદિન,,,
5/1/2023 0:00,,,,,,,Maharashtra Sthapana Din,મહારાષ્ટ્રનો સ્થાપનાદિન,,,
5/2/2023 0:00,Vaishakh,વૈશાખ,Sud,સુદ,Baras,બારસ,,શ્રી નૃસિંહ જયંતી,,,
5/3/2023 0:00,Vaishakh,વૈશાખ,Sud,સુદ,Teras,તેરસ,,શ્રી રામાનુજાચાર્ય જયંતી,,,
5/4/2023 0:00,Vaishakh,વૈશાખ,Sud,સુદ,Chaudas,ચૌદસ,,શ્રી આદ્યશંકરાચાર્ય જયંતી,,,
5/4/2023 0:00,,,,,,,"Harisumiran Yogifarm, Vasana Kotariya (Vadodara) Hari Mandir no Patotsav (date: May 4, 2017)","હરિસુમિરન’ યોગીફાર્મ, વાસણા કોતરિયા (જિ. વડોદરા) હરિમંદિરનો પાટોત્સવ (તા : ૪-૫-૨૦૧૭)",,,
5/5/2023 0:00,Vaishakh,વૈશાખ,Sud,સુદ,Punam,પૂનમ,,બુદ્ધ પૂર્ણિમા,,,
5/6/2023 0:00,Vaishakh,વૈશાખ,Vad,વદ,Padvo,પડવો,,,,,
5/7/2023 0:00,Vaishakh,વૈશાખ,Vad,વદ,Beej,બીજ,,,,,
5/8/2023 0:00,Vaishakh,વૈશાખ,Vad,વદ,Treej,ત્રીજ,,,,,
5/9/2023 0:00,Vaishakh,વૈશાખ,Vad,વદ,Choth,ચોથ,,,,,
5/10/2023 0:00,Vaishakh,વૈશાખ,Vad,વદ,Pancham,પંચમ,,,,,
5/11/2023 0:00,Vaishakh,વૈશાખ,Vad,વદ,Chhath,છઠ,,,,,
5/12/2023 0:00,Vaishakh,વૈશાખ,Vad,વદ,Satam,સાતમ,,,,,
5/13/2023 0:00,Vaishakh,વૈશાખ,Vad,વદ,Atham,આઠમ,,,,,
5/14/2023 0:00,Vaishakh,વૈશાખ,Vad,વદ,Dasham,દશમ,,,,,
5/15/2023 0:00,Vaishakh,વૈશાખ,Vad,વદ,Ekadashi,એકાદશી,Apara Ekadashi,અપરા એકાદશી,"In the Brahmanda Purana, Lord Krishna explains to King Yudhishthira about the Apara Ekadasi significance. Observing fast on Apara Ekadasi makes a devotee gain name and fame besides all sins being obliterated by the grace of the Divine Lord Vishnu.",,https://app.haridham.us/appassets/ekadashi.jpg
5/16/2023 0:00,Vaishakh,વૈશાખ,Vad,વદ,Baras,બારસ,,"બ્રહ્મસ્વરૂપ યોગીજીમહારાજની પ્રાગટ્યતિથિ (ધારી, વિ. સં. ૧૯૪૮)",,,
5/17/2023 0:00,Vaishakh,વૈશાખ,Vad,વદ,Teras,તેરસ,,"વટસાવિત્રી વ્રત પ્રારંભ (ઉ.પ્ર. રાજસ્થાન, પંજાબ)",,,
5/18/2023 0:00,Vaishakh,વૈશાખ,Vad,વદ,Chaudas,ચૌદસ,,,,,
5/19/2023 0:00,Vaishakh,વૈશાખ,Vad,વદ,Amas,અમાસ,,"વટસાવિત્રી વ્રત પૂર્ણ (ઉ.પ્ર. રાજસ્થાન, પંજાબ)",,,
5/20/2023 0:00,Jeth,જેઠ,Sud,સુદ,Padvo,પડવો,,,,,
5/21/2023 0:00,Jeth,જેઠ,Sud,સુદ,Beej,બીજ,,,,,
5/22/2023 0:00,Jeth,જેઠ,Sud,સુદ,Treej,ત્રીજ,,,,,
5/22/2023 0:00,,,,,,,"Vasana Kotariya (Vadodara) Hari Mandirn o Patotsav (date: May 22, 2021)",વાસણા કોતરિયા ગામ (જિ. વડોદરા) હરિમંદિરનો પાટોત્સવ (તા : ૨૨-૫-૨૦૨૧),,,
5/22/2023 0:00,,,,,,,"Maryland USA Hari Mandirn o Patotsav (date: May 22, 2021)",મેરીલેન્ડ (અમેરિકા) હરિમંદિરનો પાટોત્સવ (તા : ૨૨-૫-૨૦૨૧),,,
5/23/2023 0:00,Jeth,જેઠ,Sud,સુદ,Choth,ચોથ,,,,,
5/23/2023 0:00,,,,,,,"Bhramswaroop Yogiji Maharaj no Pragatya Din (Dhari, date: May 23, 1892)","બ્રહ્મસ્વરૂપ યોગીજીમહારાજનો પ્રાગટ્યદિન (ધારી, તા. C૮૫૨૩-૦૫-૧૮૯૧)",,,
5/23/2023 0:00,,,,,,,"Bhramswaroop Hariprasadswamiji Maharajn o Pragatya Din (Asoj, date: May 23, 1934)","બ્રહ્મસ્વરૂપ હરિપ્રસાદસ્વામીજી મહારાજનો પ્રાગટ્યદિન (આસોજ, તા. ૨૩-૦૫-૧૯૩૪)",,,
5/24/2023 0:00,Jeth,જેઠ,Sud,સુદ,Pancham,પંચમ,,,,,
5/25/2023 0:00,Jeth,જેઠ,Sud,સુદ,Chhath,છઠ,,,,,
5/26/2023 0:00,Jeth,જેઠ,Sud,સુદ,Satam,સાતમ,,,,,
5/27/2023 0:00,Jeth,જેઠ,Sud,સુદ,Satam,સાતમ,,,,,
5/28/2023 0:00,Jeth,જેઠ,Sud,સુદ,Atham,આઠમ,,,,,
5/29/2023 0:00,Jeth,જેઠ,Sud,સુદ,Nom,નોમ,,,,,
5/30/2023 0:00,Jeth,જેઠ,Sud,સુદ,Dasham,દશમ,,"ભગવાન શ્રી સ્વામિનારાયણ સ્વધામગમનિતિથિ (ગઢડા, જિ. બોટાદ, સં. ૧૮૮૬)",,,
5/31/2023 0:00,Jeth,જેઠ,Sud,સુદ,Ekadashi,એકાદશી,,"ભીમ એકાદશી, નિર્જલ ઉપવાસ",,,https://app.haridham.us/appassets/ekadashi.jpg
5/31/2023 0:00,Jeth,જેઠ,Sud,સુદ,Ekadashi,એકાદશી,,"હરિઆગમનિતિથિ (સોખડા, જુનું મંદિર, તા. ૩૦-૫-૧૯૬૬)",,,https://app.haridham.us/appassets/ekadashi.jpg
6/1/2023 0:00,Jeth,જેઠ,Sud,સુદ,Baras,બારસ,,"વટસાવિત્રી વ્રત પ્રારંભ (ગુજરાત, મહારાષ્ટ્ર)",,,
6/2/2023 0:00,Jeth,જેઠ,Sud,સુદ,Teras,તેરસ,,,,,
6/3/2023 0:00,Jeth,જેઠ,Sud,સુદ,Chaudas,ચૌદસ,,"વટસાવિત્રી વ્રત પૂર્ણ (ગુજરાત, મહારાષ્ટ્ર)",,,
6/4/2023 0:00,Jeth,જેઠ,Sud,સુદ,Punam,પૂનમ,,પૂનમ,,,
6/5/2023 0:00,Jeth,જેઠ,Vad,વદ,Padvo,પડવો,,,,,
6/6/2023 0:00,Jeth,જેઠ,Vad,વદ,Treej,ત્રીજ,,,,,
6/7/2023 0:00,Jeth,જેઠ,Vad,વદ,Choth,ચોથ,,,,,
6/8/2023 0:00,Jeth,જેઠ,Vad,વદ,Pancham,પંચમ,,,,,
6/9/2023 0:00,Jeth,જેઠ,Vad,વદ,Chhath,છઠ,,,,,
6/10/2023 0:00,Jeth,જેઠ,Vad,વદ,Chhath,છઠ,,,,,
6/11/2023 0:00,Jeth,જેઠ,Vad,વદ,Atham,આઠમ,,,,,
6/12/2023 0:00,Jeth,જેઠ,Vad,વદ,Nom,નોમ,,,,,
6/12/2023 0:00,,,,,,,"Bhramswaroop Kakaji no Pragatya Din (Nadiyad, date: June 12, 1918)","ભગવત્સ્વરૂપ પ.પૂ. કાકાશ્રીનો પ્રાગટ્યદિન (નડિયાદ, તા.૧૨-૦૬-૧૯૧૮)",,,
6/12/2023 0:00,,,,,,,Manavadar Hari Mandir no Patotsav,બ્રહ્મસ્વરૂપ યોગીજીમહારાજના વરદ્ હસ્તે પ્રતિષ્ઠિત માણાવદર હરિમંદિરનો પાટોત્સવ (તા : ૧૨-૬-૧૯૬૪),Inaugurated by Bhramswaroop Yogiji Maharaj,,
6/13/2023 0:00,Jeth,જેઠ,Vad,વદ,Dasham,દશમ,,,,,
6/14/2023 0:00,Jeth,જેઠ,Vad,વદ,Ekadashi,એકાદશી,,યોગિની એકાદશી,,,https://app.haridham.us/appassets/ekadashi.jpg
6/15/2023 0:00,Jeth,જેઠ,Vad,વદ,Baras,બારસ,,"શ્રી નીલકંઠવર્ણી અને સદ્‌. રામાનંદસ્વામીનો પ્રથમ મેળાપ (પીપલાણા, સં. ૧૮૫૬)",,,
6/16/2023 0:00,Jeth,જેઠ,Vad,વદ,Teras,તેરસ,,,,,
6/17/2023 0:00,Jeth,જેઠ,Vad,વદ,Chaudas,ચૌદસ,,,,,
6/18/2023 0:00,Jeth,જેઠ,Vad,વદ,Amas,અમાસ,,,,,
6/19/2023 0:00,Ashadha,અષાડ,Sud,સુદ,Padvo,પડવો,,હાલારી- કચ્છી નૂતનવર્ષ પ્રારંભ (આ.સં. ૨૦૮૦ પ્રારંભ),,,
6/20/2023 0:00,Ashadha,અષાડ,Sud,સુદ,Padvo,પડવો,,હાલારી- કચ્છી નૂતનવર્ષ પ્રારંભ (આ.સં. ૨૦૮૦ પ્રારંભ),,,
6/21/2023 0:00,Ashadha,અષાડ,Sud,સુદ,Treej,ત્રીજ,,,,,
6/22/2023 0:00,Ashadha,અષાડ,Sud,સુદ,Choth,ચોથ,,,,,
6/23/2023 0:00,Ashadha,અષાડ,Sud,સુદ,Pancham,પંચમ,,,,,
6/24/2023 0:00,Ashadha,અષાડ,Sud,સુદ,Chhath,છઠ,,,,,
6/25/2023 0:00,Ashadha,અષાડ,Sud,સુદ,Satam,સાતમ,,,,,
6/26/2023 0:00,Ashadha,અષાડ,Sud,સુદ,Atham,આઠમ,,,,,
6/27/2023 0:00,Ashadha,અષાડ,Sud,સુદ,Nom,નોમ,,શ્રીહરિ નવમી,,,
6/28/2023 0:00,Ashadha,અષાડ,Sud,સુદ,Dasham,દશમ,,શ્રીહરિ વનવિચરણમાં પધાર્યા (સં. ૧૮૪૮),,,
6/29/2023 0:00,Ashadha,અષાડ,Sud,સુદ,Ekadashi,એકાદશી,Devshayani Ekadashi,"દેવશયની એકાદશી, નિયમી એકાદશી","The story of King Mandata is narrated in this context. The pious king's country had faced drought for three years, but the king was unable to find a solution to please the rain gods. Eventually, sage Angiras advised the king to observe the vrata (vow) of Devashayani Ekadashi.",,https://app.haridham.us/appassets/ekadashi.jpg
6/29/2023 0:00,Ashadha,અષાડ,Sud,સુદ,Ekadashi,એકાદશી,,ચાતુર્માસ પ્રારંભ,,,https://app.haridham.us/appassets/ekadashi.jpg
6/30/2023 0:00,Ashadha,અષાડ,Sud,સુદ,Baras,બારસ,,,,,
7/1/2023 0:00,Ashadha,અષાડ,Sud,સુદ,Teras,તેરસ,,ગૌરીવ્રત (જયાપાવર્તી) પ્રારંભ,,,
7/2/2023 0:00,Ashadha,અષાડ,Sud,સુદ,Chaudas,ચૌદસ,,,,,
7/3/2023 0:00,Ashadha,અષાડ,Sud,સુદ,Punam,પૂનમ,,ગુરુપૂર્ણિમા,,,
7/3/2023 0:00,Ashadha,અષાડ,Sud,સુદ,Punam,પૂનમ,,શ્રી વ્યાસ જયંતી,,,
7/4/2023 0:00,Ashadha,અષાડ,Vad,વદ,Padvo,પડવો,,હિંડોળા ઉત્સવ પ્રારંભ,,,
7/5/2023 0:00,Ashadha,અષાડ,Vad,વદ,Beej,બીજ,,"ગૌરીવ્રત (જયાપાવર્તી) સમાપ્તિ, જાગરણ",,,
7/6/2023 0:00,Ashadha,અષાડ,Vad,વદ,Treej,ત્રીજ,,બ્રહ્મસ્વરૂપ હરિપ્રસાદસ્વામીજી સ્વધામગમનતિથિ (વિ.સં. ૨૦૭૭),,,
7/7/2023 0:00,Ashadha,અષાડ,Vad,વદ,Pancham,પંચમ,,,,,
7/8/2023 0:00,Ashadha,અષાડ,Vad,વદ,Chhath,છઠ,,,,,
7/9/2023 0:00,Ashadha,અષાડ,Vad,વદ,Satam,સાતમ,,,,,
7/10/2023 0:00,Ashadha,અષાડ,Vad,વદ,Atham,આઠમ,,,,,
7/11/2023 0:00,Ashadha,અષાડ,Vad,વદ,Nom,નોમ,,,,,
7/12/2023 0:00,Ashadha,અષાડ,Vad,વદ,Dasham,દશમ,,,,,
7/13/2023 0:00,Ashadha,અષાડ,Vad,વદ,Ekadashi,એકાદશી,Kamika Ekadashi,કામિકા એકાદશી,"Observing the Kamika Ekadashi Vrat is equivalent to taking bath in holy River Ganga and other holy rivers, visiting Kashi(Varanasi) and performing Yajnas. It is a day to worship God and garner His blessings. When Kamika Ekadashi is followed meticulously, the devotee is blessed with peace, prosperity and fulfilment of wishes.",,https://app.haridham.us/appassets/ekadashi.jpg
7/14/2023 0:00,Ashadha,અષાડ,Vad,વદ,Baras,બારસ,,,,,
7/15/2023 0:00,Ashadha,અષાડ,Vad,વદ,Teras,તેરસ,,,,,
7/16/2023 0:00,Ashadha,અષાડ,Vad,વદ,Chaudas,ચૌદસ,,,,,
7/17/2023 0:00,Ashadha,અષાડ,Vad,વદ,Amas,અમાસ,,"હરિયાળી અમાસ, દિવાસો",,,
7/17/2023 0:00,Ashadha,અષાડ,Vad,વદ,Amas,અમાસ,,એવ્રતજીવ્રત,,,
7/18/2023 0:00,Adhik Shravan,અધિક શ્રાવણ,Sud,સુદ,Padvo,પડવો,,,,,
7/19/2023 0:00,Adhik Shravan,અધિક શ્રાવણ,Sud,સુદ,Beej,બીજ,,,,,
7/20/2023 0:00,Adhik Shravan,અધિક શ્રાવણ,Sud,સુદ,Treej,ત્રીજ,,,,,
7/21/2023 0:00,Adhik Shravan,અધિક શ્રાવણ,Sud,સુદ,Treej,ત્રીજ,,,,,
7/22/2023 0:00,Adhik Shravan,અધિક શ્રાવણ,Sud,સુદ,Choth,ચોથ,,,,,
7/23/2023 0:00,Adhik Shravan,અધિક શ્રાવણ,Sud,સુદ,Pancham,પંચમ,,,,,
7/24/2023 0:00,Adhik Shravan,અધિક શ્રાવણ,Sud,સુદ,Chhath,છઠ,,,,,
7/25/2023 0:00,Adhik Shravan,અધિક શ્રાવણ,Sud,સુદ,Satam,સાતમ,,,,,
7/26/2023 0:00,Adhik Shravan,અધિક શ્રાવણ,Sud,સુદ,Atham,આઠમ,,,,,
7/26/2023 0:00,,,,,,,"Bhramswaroop Hariprasadswamiji Maharaj no Swadham Gaman Din (date: July 26, 2021)",બ્રહ્મસ્વરૂપ હરિપ્રસાદસ્વામીજી સ્વધામગમનદિન (તા. ૨૬-૭-૨૦૨૧),,,
7/27/2023 0:00,Adhik Shravan,અધિક શ્રાવણ,Sud,સુદ,Nom,નોમ,,,,,
7/28/2023 0:00,Adhik Shravan,અધિક શ્રાવણ,Sud,સુદ,Dasham,દશમ,,,,,
7/29/2023 0:00,Adhik Shravan,અધિક શ્રાવણ,Sud,સુદ,Ekadashi,એકાદશી,Kamla Ekadashi,કમલા એકાદશી,"This ekadashi vrat (fast) is considered highly auspicious, as it falls once in 3 years and washes away the sins and fulfills the wishes of devotees who observe this fast whole heartedly.",,https://app.haridham.us/appassets/ekadashi.jpg
7/30/2023 0:00,Adhik Shravan,અધિક શ્રાવણ,Sud,સુદ,Baras,બારસ,,,,,
7/31/2023 0:00,Adhik Shravan,અધિક શ્રાવણ,Sud,સુદ,Teras,તેરસ,,,,,
8/1/2023 0:00,Adhik Shravan,અધિક શ્રાવણ,Sud,સુદ,Punam,પૂનમ,,,,,
8/2/2023 0:00,Adhik Shravan,અધિક શ્રાવણ,Vad,વદ,Padvo,પડવો,,,,,
8/3/2023 0:00,Adhik Shravan,અધિક શ્રાવણ,Vad,વદ,Beej,બીજ,,,,,
8/4/2023 0:00,Adhik Shravan,અધિક શ્રાવણ,Vad,વદ,Treej,ત્રીજ,,,,,
8/5/2023 0:00,Adhik Shravan,અધિક શ્રાવણ,Vad,વદ,Choth,ચોથ,,,,,
8/6/2023 0:00,Adhik Shravan,અધિક શ્રાવણ,Vad,વદ,Pancham,પંચમ,,,,,
8/7/2023 0:00,Adhik Shravan,અધિક શ્રાવણ,Vad,વદ,Satam,સાતમ,,,,,
8/8/2023 0:00,Adhik Shravan,અધિક શ્રાવણ,Vad,વદ,Atham,આઠમ,,,,,
8/9/2023 0:00,Adhik Shravan,અધિક શ્રાવણ,Vad,વદ,Nom,નોમ,,,,,
8/10/2023 0:00,Adhik Shravan,અધિક શ્રાવણ,Vad,વદ,Dasham,દશમ,,,,,
8/11/2023 0:00,Adhik Shravan,અધિક શ્રાવણ,Vad,વદ,Agiyaras,એકાદશી,,,,,
8/12/2023 0:00,Adhik Shravan,અધિક શ્રાવણ,Vad,વદ,Ekadashi,એકાદશી,,,,,https://app.haridham.us/appassets/ekadashi.jpg
8/13/2023 0:00,Adhik Shravan,અધિક શ્રાવણ,Vad,વદ,Baras,બારસ,,,,,
8/14/2023 0:00,Adhik Shravan,અધિક શ્રાવણ,Vad,વદ,Teras,તેરસ,,,,,
8/15/2023 0:00,Adhik Shravan,અધિક શ્રાવણ,Vad,વદ,Chaudas,ચૌદસ,,,,,
8/15/2023 0:00,,,,,,,India Independence Day,સ્વાતંત્રય દિન,,,
8/16/2023 0:00,Adhik Shravan,અધિક શ્રાવણ,Vad,વદ,Amas,અમાસ,,અમાસ,,,
8/17/2023 0:00,Shravan,શ્રાવણ,Sud,સુદ,Padvo,પડવો,,શિવપૂજન પ્રારંભ,,,
8/18/2023 0:00,Shravan,શ્રાવણ,Sud,સુદ,Beej,બીજ,,,,,
8/19/2023 0:00,Shravan,શ્રાવણ,Sud,સુદ,Treej,ત્રીજ,,,,,
8/20/2023 0:00,Shravan,શ્રાવણ,Sud,સુદ,Choth,ચોથ,,,,,
8/21/2023 0:00,Shravan,શ્રાવણ,Sud,સુદ,Pancham,પંચમ,,"અ.મ.મુ. શ્રી કૃષ્ણજી અદાની પ્રાગટ્યતિથિ (પ્રાગટ્ય : મેવાસા, તા. ગોંડલ, સં. ૧૮૯૦)",,,
8/21/2023 0:00,Shravan,શ્રાવણ,Sud,સુદ,Pancham,પંચમ,,નાગપંચમી (દક્ષિણ ગુજરાત),,,
8/22/2023 0:00,Shravan,શ્રાવણ,Sud,સુદ,Chhath,છઠ,,રાંધણછઠ (દક્ષિણ ગુજરાત),,,
8/23/2023 0:00,Shravan,શ્રાવણ,Sud,સુદ,Satam,સાતમ,Shital Satam (Dakshin Gujarat),શીતળાસાતમ (દક્ષિણ ગુજરાત),,,
8/24/2023 0:00,Shravan,શ્રાવણ,Sud,સુદ,Atham,આઠમ,,,,,
8/25/2023 0:00,Shravan,શ્રાવણ,Sud,સુદ,Nom,નોમ,,શ્રીહરિ નવમી,,,
8/26/2023 0:00,Shravan,શ્રાવણ,Sud,સુદ,Dasham,દશમ,,,,,
8/27/2023 0:00,Shravan,શ્રાવણ,Sud,સુદ,Ekadashi,એકાદશી,"Pavitra Ekadashi, Shri Thakorji ne Pavitra Dharavanu","પવિત્રા એકાદશી, શ્રી ઠાકોરજીને પવિત્રાં ધરાવવાં",,,https://app.haridham.us/appassets/ekadashi.jpg
8/28/2023 0:00,Shravan,શ્રાવણ,Sud,સુદ,Baras,બારસ,,,,,
8/29/2023 0:00,Shravan,શ્રાવણ,Sud,સુદ,Teras,તેરસ,,,,,
8/30/2023 0:00,Shravan,શ્રાવણ,Sud,સુદ,Punam,પૂનમ,"Punam, Balev","પૂનમ, બળેવ,",,,
8/30/2023 0:00,Shravan,શ્રાવણ,Sud,સુદ,Punam,પૂનમ,Rakshabandhan,રક્ષાબંધન,,,
8/31/2023 0:00,Shravan,શ્રાવણ,Sud,સુદ,Punam,પૂનમ,"Punam, Balev","પૂનમ, બળેવ,",,,
8/31/2023 0:00,Shravan,શ્રાવણ,Sud,સુદ,Punam,પૂનમ,Rakshabandhan,રક્ષાબંધન,,,
9/1/2023 0:00,Shravan,શ્રાવણ,Vad,વદ,Beej,બીજ,Hindola Samapth,હિંડોળા સમાપ્ત,,,
9/1/2023 0:00,,,,,,,"Bhramswaroop Papaji no Pragatya Din (Karamsad, date: September 1, 1916)","ભગવત્સ્વરૂપ પ.પૂ. પપ્પાજીનો પ્રાગટ્યદિન (કરમસદ, તા.૦૧-૦૯-૧૯૧૬)",,,
9/2/2023 0:00,Shravan,શ્રાવણ,Vad,વદ,Treej,ત્રીજ,,,,,
9/3/2023 0:00,Shravan,શ્રાવણ,Vad,વદ,Choth,ચોથ,,,,,
9/4/2023 0:00,Shravan,શ્રાવણ,Vad,વદ,Pancham,પંચમ,,,,,
9/5/2023 0:00,Shravan,શ્રાવણ,Vad,વદ,Chhath,છઠ,,,,,
9/6/2023 0:00,Shravan,શ્રાવણ,Vad,વદ,Satam,સાતમ,,,,,
9/7/2023 0:00,Shravan,શ્રાવણ,Vad,વદ,Atham,આઠમ,"Janmasthami, Bhagwan Shri Krushna Pragatyotsav, Nandlala ne Paranu Jhulava","જન્માષ્ટમી, ભગવાન શ્રીકૃષ્ણનો પ્રાગટ્યોત્સવ, નંદલાલાને પારણે ઝુલાવવા.",,,
9/7/2023 0:00,Shravan,શ્રાવણ,Vad,વદ,Atham,આઠમ,Sadguru Shri Ramanand Swami Pragatyadin (Ayodhya; Samvat 1795),"સદ્. શ્રી રામાનંદસ્વામીનો પ્રાગટ્યદિન (પ્રાગટ્ય : અયોધ્યા, સં. ૧૭૯૫)",,,
9/8/2023 0:00,Shravan,શ્રાવણ,Vad,વદ,Nom,નોમ,Nand Mahotsav,નંદ મહોત્સવ,,,
9/8/2023 0:00,Shravan,શ્રાવણ,Vad,વદ,Nom,નોમ,Janmashtami nu Paranu,જન્માષ્ટમીનાં પારણાં,,,
9/9/2023 0:00,Shravan,શ્રાવણ,Vad,વદ,Dasham,દશમ,,,,,
9/10/2023 0:00,Shravan,શ્રાવણ,Vad,વદ,Ekadashi,એકાદશી,Aja Ekadashi,અજા એકાદશી,,,https://app.haridham.us/appassets/ekadashi.jpg
9/11/2023 0:00,Shravan,શ્રાવણ,Vad,વદ,Baras,બારસ,,,,,
9/12/2023 0:00,Shravan,શ્રાવણ,Vad,વદ,Teras,તેરસ,,,,,
9/13/2023 0:00,Shravan,શ્રાવણ,Vad,વદ,Chaudas,ચૌદસ,,,,,
9/14/2023 0:00,Shravan,શ્રાવણ,Vad,વદ,Amas,અમાસ,Pithori Amas,પિઠોરી અમાસ,,,
9/14/2023 0:00,Shravan,શ્રાવણ,Vad,વદ,Amas,અમાસ,Kusagrahini Amas,કુશગ્રાહિણી અમાસ,,,
9/14/2023 0:00,Shravan,શ્રાવણ,Vad,વદ,Amas,અમાસ,Shiv Pooja Samapth,શિવપૂજ સમાપ્ત,,,
9/15/2023 0:00,Shravan,શ્રાવણ,Vad,વદ,Amas,અમાસ,Pithori Amas,પિઠોરી અમાસ,,,
9/15/2023 0:00,Shravan,શ્રાવણ,Vad,વદ,Amas,અમાસ,Kusagrahini Amas,કુશગ્રાહિણી અમાસ,,,
9/15/2023 0:00,Shravan,શ્રાવણ,Vad,વદ,Amas,અમાસ,Shiv Pooja Samapth,શિવપૂજ સમાપ્ત,,,
9/16/2023 0:00,Bhadarvo,ભાદરવો,Sud,સુદ,Padvo,પડવો,,,,,
9/17/2023 0:00,Bhadarvo,ભાદરવો,Sud,સુદ,Beej,બીજ,,,,,
9/18/2023 0:00,Bhadarvo,ભાદરવો,Sud,સુદ,Treej,ત્રીજ,Kevad Treej,કેવડાત્રીજ,Married and unmarried women observe a fast on the day and offer Kewda flower to Goddess Parvati and Lord Shiva.,,
9/18/2023 0:00,Bhadarvo,ભાદરવો,Sud,સુદ,Treej,ત્રીજ,Sam Shravani (Santo ane Ambrisho Janoi Badalavi),સામશ્રાવણી (સંતો અને અંબરીષોએ જનોઈ બદલવી.),,,
9/19/2023 0:00,Bhadarvo,ભાદરવો,Sud,સુદ,Choth,ચોથ,"Shri Ganesh Chaturthi, Shri Ganesh Staphana","શ્રી ગણેશચતુર્થી, શ્રી ગણેશ સ્થાપન",,,
9/20/2023 0:00,Bhadarvo,ભાદરવો,Sud,સુદ,Pancham,પંચમ,,"ઋષિપાંચમ, સામાપાંચમ",,,
9/21/2023 0:00,Bhadarvo,ભાદરવો,Sud,સુદ,Chhath,છઠ,,,,,
9/22/2023 0:00,Bhadarvo,ભાદરવો,Sud,સુદ,Satam,સાતમ,,,,,
9/23/2023 0:00,Bhadarvo,ભાદરવો,Sud,સુદ,Atham,આઠમ,,ધરોઆઠમ,,,
9/24/2023 0:00,Bhadarvo,ભાદરવો,Sud,સુદ,Nom,નોમ,,શ્રીહરિ નવમી,,,
9/25/2023 0:00,Bhadarvo,ભાદરવો,Sud,સુદ,Dasham,દશમ,,,,,
9/26/2023 0:00,Bhadarvo,ભાદરવો,Sud,સુદ,Ekadashi,એકાદશી,"Jal Jhilini Ekadashi, Parivartni Ekadashi","જળઝીલણી એકાદશી, પરિવર્તિની એકાદશી","During Chaturmaas, the four months of the monsoon season, Vishnu Bhagwan slept in Bali Raja’s kingdom in Sutal. On Bhadra Sud 11, he turned onto his side, moving from a supine position. This turning is known as Parivartan.",,https://app.haridham.us/appassets/ekadashi.jpg
9/26/2023 0:00,Bhadarvo,ભાદરવો,Sud,સુદ,Ekadashi,એકાદશી,Vaman Jayanti (Vaman Dvadasi),વામન જયંતી (વામન દ્વાદશી),"Vamanadeva is Lord Krishna's avatar (incarnation) as a dwarf brahmana during a period of intense conflict between the appointed directors of the universe (devas, or ""demigods"") and asuras (""demons""). The Srimad-Bhagavatam tells how the asuras had violently assumed control and sent the demigods into hiding. As a trick to return the demigods their administrative posts, Vamanadeva begged three paces of land in charity from the leader of the asuras, Bali Maharaja. When Bali granted His request, Lord Vamana assumed such a gigantic form that with two steps He covered the earth and then the entire universe. For the third step, Bali Maharaja was then pleased to receive the Lord's lotus foot on his head.",,https://app.haridham.us/appassets/ekadashi.jpg
9/27/2023 0:00,Bhadarvo,ભાદરવો,Sud,સુદ,Baras,બારસ,,,,,
9/27/2023 0:00,Bhadarvo,ભાદરવો,Sud,સુદ,Teras,તેરસ,,,,,
9/28/2023 0:00,Bhadarvo,ભાદરવો,Sud,સુદ,Chaudas,ચૌદસ,"Anant Chaturdashi, Ganpati Visarjana","અનંત ચતુર્દશી, ગણપિત વિસજર્ન","According to the Agni Purana, the Ananta (Shesha; the divine serpent) manifestation of Vishnu is venerated on this occasion to free adherents from sins.",,
9/29/2023 0:00,Bhadarvo,ભાદરવો,Sud,સુદ,Punam,પૂનમ,Shradh Prarambh,શ્રાદ્ધ પ્રારંભ,,,
9/30/2023 0:00,Bhadarvo,ભાદરવો,Vad,વદ,Padvo,પડવો,Bhagwatswaroop P.P. Papaji no Smruti Parva,ભગવત્સ્વરૂપ પ.પૂ. પપ્પાજીનું સ્મૃતિપર્વ,,,
10/1/2023 0:00,Bhadarvo,ભાદરવો,Vad,વદ,Beej,બીજ,Bhramswaroop Hariprasad Swamiji nu Smruti Parva,બ્રહ્મસ્વરૂપ હરિપ્રસાદસ્વામીજીનું સ્મૃતિપર્વ,Bhramswaroop Hariprasad Swamiji no Smruti Parva,બ્રહ્મસ્વરૂપ હરિપ્રસાદસ્વામીજીનું સ્મૃતિપર્વ,
10/2/2023 0:00,Bhadarvo,ભાદરવો,Vad,વદ,Treej,ત્રીજ,Bhramswaroop Shashtriji Maharaj nu Smruti Parva,બ્રહ્મસ્વરૂપ શાસ્ત્રીજીમહારાજનું સ્મૃતિપર્વ,,,
10/2/2023 0:00,Bhadarvo,ભાદરવો,Vad,વદ,Treej,ત્રીજ,Shri Dharmadev nu Smruti Parva,શ્રી ધર્મદેવનું સ્મૃતિપર્વ,,,
10/2/2023 0:00,Bhadarvo,ભાદરવો,Vad,વદ,Treej,ત્રીજ,Shri Gandhi Jayanti,શ્રી ગાંધી જયંતી,,,
10/3/2023 0:00,Bhadarvo,ભાદરવો,Vad,વદ,Pancham,પંચમ,,,,,
10/4/2023 0:00,Bhadarvo,ભાદરવો,Vad,વદ,Chhath,છઠ,,,,,
10/5/2023 0:00,Bhadarvo,ભાદરવો,Vad,વદ,Satam,સાતમ,,,,,
10/6/2023 0:00,Bhadarvo,ભાદરવો,Vad,વદ,Satam,સાતમ,,,,,
10/7/2023 0:00,Bhadarvo,ભાદરવો,Vad,વદ,Atham,આઠમ,Shri Bhaktimata nu Smruti Parva,શ્રી ભક્તિમાતાનું સ્મૃતિપર્વ,,,
10/8/2023 0:00,Bhadarvo,ભાદરવો,Vad,વદ,Nom,નોમ,Bhagwan Shri Swaminarayan nu Smruti Parva,ભગવાન શ્રી સ્વામિનારાયણનું સ્મૃતિપર્વ,,,
10/8/2023 0:00,Bhadarvo,ભાદરવો,Vad,વદ,Nom,નોમ,Shri Jagaswami nu Smruti Parva,શ્રી જાગાસ્વામીનું સ્મૃતિપર્વ,,,
10/8/2023 0:00,,,,,,,"Kandivali (Mumbai) Hari Mandir no Patotsav (date: October 8, 1988)","કાંદિવલી (મુંબઈ) હરિમંદિરનો પાટોત્સવ (તિથિ : દશેરા, તા. ૮-૧૦-૧૯૮૮)",,,
10/9/2023 0:00,Bhadarvo,ભાદરવો,Vad,વદ,Dasham,દશમ,Shri Krushnaji Ada nu Smruti Parva,શ્રી કૃષ્ણજી અદાનું સ્મૃતિપર્વ,,,
10/9/2023 0:00,Bhadarvo,ભાદરવો,Vad,વદ,Dasham,દશમ,Bhramswaroop Yogiji Maharaj nu Smruti Parva,બ્રહ્મસ્વરૂપ યોગીજીમહારાજનું સ્મૃતિપર્વ,,,
10/9/2023 0:00,Bhadarvo,ભાદરવો,Vad,વદ,Dasham,દશમ,Bhagwatswaroop P.P. Kakaji nu Smruti Parva,ભગવત્સ્વરૂપ પ.પૂ. કાકાજીનું સ્મૃતિપર્વ,,,
10/10/2023 0:00,Bhadarvo,ભાદરવો,Vad,વદ,Ekadashi,એકાદશી,Indira Ekadashi,ઈન્દિરા એકાદશી,The primary aim behind observing an Indira Ekadashi fast and worshipping God is to seek forgiveness of all the past sins. This festival also holds immense significance as it helps in offering salvation to the deceased ancestors.,,https://app.haridham.us/appassets/ekadashi.jpg
10/11/2023 0:00,Bhadarvo,ભાદરવો,Vad,વદ,Baras,બારસ,Shri Gunatitanand Swami nu Smruti Parva,શ્રી ગુણાતીતાનંદસ્વામીનું સ્મૃતિપર્વ,,,
10/12/2023 0:00,Bhadarvo,ભાદરવો,Vad,વદ,Teras,તેરસ,Shri Bhagatji Maharaj nu Smruti Parva,શ્રી ભગતજીમહારાજનું સ્મૃતિપર્વ,,,
10/13/2023 0:00,Bhadarvo,ભાદરવો,Vad,વદ,Chaudas,ચૌદસ,,,,,
10/14/2023 0:00,Bhadarvo,ભાદરવો,Vad,વદ,Amas,અમાસ,"Chaudas, Poonam, Amas nu Smruti Parva",ચૌદશ-પૂનમ-અમાસનું સ્મૃતિપર્વ,,,
10/14/2023 0:00,Bhadarvo,ભાદરવો,Vad,વદ,Amas,અમાસ,Sarvpitra Smruti Parva,સર્વપિત્રી સ્મૃતિપર્વ,,,
10/15/2023 0:00,Aso,આસો,Sud,સુદ,Padvo,પડવો,Navratri Prarambh,નવરાત્રિ પ્રારંભ,,,
10/16/2023 0:00,Aso,આસો,Sud,સુદ,Beej,બીજ,,,,,
10/17/2023 0:00,Aso,આસો,Sud,સુદ,Treej,ત્રીજ,,,,,
10/18/2023 0:00,Aso,આસો,Sud,સુદ,Choth,ચોથ,,,,,
10/19/2023 0:00,Aso,આસો,Sud,સુદ,Pancham,પંચમ,,શ્રી પંચમી,,,
10/20/2023 0:00,Aso,આસો,Sud,સુદ,Chhath,છઠ,,,,,
10/21/2023 0:00,Aso,આસો,Sud,સુદ,Satam,સાતમ,,,,,
10/22/2023 0:00,Aso,આસો,Sud,સુદ,Atham,આઠમ,Durga Astmi,દુર્ગાષ્ટમી,,,
10/23/2023 0:00,Aso,આસો,Sud,સુદ,Nom,નોમ,Navratri Samapt; Shri Hari Navmi,"નવરાત્રિ સમાપ્ત, શ્રીહરિ નવમી",,,
10/24/2023 0:00,Aso,આસો,Sud,સુદ,Dasham,દશમ,"Dasera, Astra-Sastra nu Pujan","દશેરા, અસ્ત્રશસ્ત્રનું પૂજન",,,
10/24/2023 0:00,Aso,આસો,Sud,સુદ,Dasham,દશમ,"Bhramswaroop Hariprasad Swamiji, Guruhari Premswaroop Swamiji no Parsadi Dikshadin (Samvat 2020, October 5, 1965; Akshar Mandir Gondal)","બ્રહ્મસ્વરૂપ હરિપ્રસાદસ્વામીજી, ગુરુહરિ પ્રેમસ્વરૂપસ્વામીજીનો પાષર્દી દીક્ષાદિન (વિ.સં. ૨૦૨૦, તા.૦૫-૧૦-૧૯૬૫, અક્ષરમંદિર, ગોંડલ)",,,
10/25/2023 0:00,Aso,આસો,Sud,સુદ,Agiyaras,એકાદશી,Papankusha Ekadashi,પાશાંકુશા એકાદશી,"It is regarded as one of the most important Ekadashis as the devotees who observe this fast are blessed with worldly desires, wealth and good health.",,
10/26/2023 0:00,Aso,આસો,Sud,સુદ,Baras,બારસ,Shri Gunatitanand Swami no Swadham Gaman Tithi (Samvat 1923),શ્રી ગુણાતીતાનંદસ્વામીની સ્વધામગમનતિથિ (સં. ૧૯૨૩),,,
10/27/2023 0:00,Aso,આસો,Sud,સુદ,Teras,તેરસ,,,,,
10/28/2023 0:00,Aso,આસો,Sud,સુદ,Punam,પૂનમ,Sharad Purnima,શરદ પૂર્ણિમા,,,
10/28/2023 0:00,Aso,આસો,Sud,સુદ,Punam,પૂનમ,Shri Gunatitanand Swami no Pragatya Din (Samvat 1923),"શ્રી ગુણાતીતાનંદસ્વામીનો પ્રાગટ્યદિન, (સં. ૧૮૪૧) (પ્રાગટ્ય : ભાદરા, જિ. જામનગર)",,,
10/28/2023 0:00,Aso,આસો,Sud,સુદ,Punam,પૂનમ,"Bhramswaroop Hariprasad Swamiji, Guruhari Premswaroop Swamiji no Bhagvati Dikshadin (Samvat 2020, October 10, 1965; Akshar Mandir Gondal)","બ્રહ્મસ્વરૂપ હરિપ્રસાદસ્વામીજી, ગુરુહરિ પ્રેમસ્વરૂપસ્વામીજીનો ભાગવતી દીક્ષાદિન, (દીક્ષા : તા.૧૦-૧૦-૧૯૬૫) (દીક્ષાસ્થાન : શ્રી અક્ષરમંદિર, ગોંડલ)",,,
10/28/2023 0:00,Aso,આસો,Sud,સુદ,Punam,પૂનમ,"Atmiyadham, Manjalpur Vadodara, Harimandir no Patotsav (Tithi: Sharad Purnima, 2016)","આત્મીયધામ, માંજલપુર (વડોદરા) હરિમંદિરનો પાટોત્સવ (તિથિ : શરદપૂર્ણિમા, ઈ.સ. ૨૦૧૬)",,,
10/28/2023 0:00,Aso,આસો,Sud,સુદ,Punam,પૂનમ,Chandragrahan,ચંદ્રગ્રહણ,,,
10/29/2023 0:00,Aso,આસો,Vad,વદ,Padvo,પડવો,,,,,
10/30/2023 0:00,Aso,આસો,Vad,વદ,Beej,બીજ,"Bhramswaroop Shri Jagaswami Pragatya Tithi (Ambaradi, Savarakundal; Samvat 1883)","બ્રહ્મસ્વરૂપ શ્રી જાગાસ્વામી પ્રાગટ્યતિથિ (પ્રાગટ્ય: આંબરડી, તા.સાવરકુંડલા, સં. ૧૮૮૩)",,,
10/31/2023 0:00,Aso,આસો,Vad,વદ,Treej,ત્રીજ,,,,,
11/1/2023 0:00,Aso,આસો,Vad,વદ,Choth,ચોથ,,,,,
11/2/2023 0:00,Aso,આસો,Vad,વદ,Pancham,પંચમ,,,,,
11/3/2023 0:00,Aso,આસો,Vad,વદ,Chhath,છઠ,,,,,
11/4/2023 0:00,Aso,આસો,Vad,વદ,Satam,સાતમ,,,,,
11/5/2023 0:00,Aso,આસો,Vad,વદ,Atham,આઠમ,,,,,
11/6/2023 0:00,Aso,આસો,Vad,વદ,Nom,નોમ,,,,,
11/7/2023 0:00,Aso,આસો,Vad,વદ,Dasham,દશમ,,,,,
11/8/2023 0:00,Aso,આસો,Vad,વદ,Dasham,દશમ,,,,,
11/9/2023 0:00,Aso,આસો,Vad,વદ,Ekadashi,એકાદશી,Rama Ekadashi,રમા એકાદશી,Rama Ekadashi Vrat is recognized as one of the most significant Ekadashi fasts which are observed in the Hindu religion as the devotees can get absolved from all their sins by keeping this fast religiously.,,https://app.haridham.us/appassets/ekadashi.jpg
11/9/2023 0:00,Aso,આસો,Vad,વદ,Baras,બારસ,Vagh Baras,વાઘબારસ,"This is also known as 'Govatsa dwadashi' and 'Guru Dwadashi'. On this day the cow and calf are offered pujan. 'Vagh' here refers to repaying one's financial debts. Therefore people clear their account books today and do not enter into new transactions, using new ledgers until after Labh Pancham.",,
11/10/2023 0:00,Aso,આસો,Vad,વદ,Teras,તેરસ,Dhan Teras,ધનતેરસ,"The latent sentiment is that this purifies our earnings and so that we may use it with 'vivek' (discrimination). It is said that wealth used for self is termed 'Dhan', that for others - 'Lakshmi', that for unethical purposes - 'alakshmi' (sinful) and that for God - 'Mahalakshmi.'",,
11/10/2023 0:00,Aso,આસો,Vad,વદ,Teras,તેરસ,Shri Dhanvantari Jayanti,શ્રી ધન્વંતરિ જયંતી,Dhanvantari is the physician of the devas in Hinduism. He is regarded as an avatar of Vishnu. He is mentioned in the Puranas as the god of Ayurveda.,,
11/11/2023 0:00,Aso,આસો,Vad,વદ,Chaudas,ચૌદસ,Kali Chaudash,કાળીચૌદશ,"This festival occurs on Aso vad 14, also known as 'Narak Chaturdashi' because Lord Krishna vanquished Narkaasur. Devotees pray and ofter pujan to Hanumanji to remove inauspiciousness and fear of evil spirits and beings.",,
11/11/2023 0:00,Aso,આસો,Vad,વદ,Chaudas,ચૌદસ,Shri Hanuman Pujan,શ્રી હનુમાન પૂજન,,,
11/12/2023 0:00,Aso,આસો,Vad,વદ,Amas,અમાસ,Diwali,દીવાળી,,,
11/12/2023 0:00,Aso,આસો,Vad,વદ,Amas,અમાસ,Sharda Puja,શ્રી શારદાપૂજન,"Sharda (Chopda) Puja is dedicated to Goddess Saraswati. Sharda is one of the names of Goddess Saraswati, the Hindu goddess of knowledge, wisdom and learning.",,
11/13/2023 0:00,Aso,આસો,Vad,વદ,Somvati Amas,સોમવતી અમાસ,Somavati Amas,સોમવતી અમાસ,,,
11/13/2023 0:00,,,,,,,"Gunatit Jyot - Vidhyanaga Nutan Mandir no Patotsav (date: November 13, 2004)",ગુણાતીતજ્યોત-વિદ્યાનગર નૂતન મંદિરનો પાટોત્સવ (તિથિ : તા. ૧૩-૧૧-૨૦૦૪),,,
11/14/2023 0:00,Kartak,કારતક,Sud,સુદ,Padvo,પડવો,Nutan Varsh Prarambh,"નૂતનવર્ષ પ્રારંભ, વિ.સં.૨૦૮૦",New Year. Vikram Samvant 2080,,
11/14/2023 0:00,Kartak,કારતક,Sud,સુદ,Padvo,પડવો,Shri Govardhan Pujan,શ્રી ગોવધર્નપૂજન,,,
11/14/2023 0:00,Kartak,કારતક,Sud,સુદ,Padvo,પડવો,Annakootsav,અન્નકૂટોત્સવ (શ્રી ઠાકોરજીને અન્નકૂટ ધરાવવો),,,
11/15/2023 0:00,Kartak,કારતક,Sud,સુદ,Beej,બીજ,,,,,
11/16/2023 0:00,Kartak,કારતક,Sud,સુદ,Treej,ત્રીજ,,,,,
11/17/2023 0:00,Kartak,કારતક,Sud,સુદ,Choth,ચોથ,,,,,
11/18/2023 0:00,Kartak,કારતક,Sud,સુદ,Pancham,પંચમ,,,,,
11/19/2023 0:00,Kartak,કારતક,Sud,સુદ,Chhath,છઠ,,,,,
11/20/2023 0:00,Kartak,કારતક,Sud,સુદ,Atham,આઠમ,,,,,
11/21/2023 0:00,Kartak,કારતક,Sud,સુદ,Nom,નોમ,,,,,
11/21/2023 0:00,,,,,,,"Atmiya Vidhya Mandir no Patotsav (Kolibharthana, Kamarej, Surat) (date: November 21, 2010)","આત્મીય વિદ્યામંદિરનો પાટોત્સવ, કોળીભરથાણા (તા. કામરેજ, જિ. સુરત) (તિથિ : દેવદિવાળી,ઈ.સ. ૨૦૧૦)",,,
11/22/2023 0:00,Kartak,કારતક,Sud,સુદ,Dasham,દશમ,,,,,
11/23/2023 0:00,Kartak,કારતક,Sud,સુદ,Ekadashi,એકાદશી,Chaturmas Samapta,ચાતુર્માસ સમાપ્ત,Chaturmas Samapta,,
11/23/2023 0:00,Kartak,કારતક,Sud,સુદ,Ekadashi,એકાદશી,"Dev Uthi Ekadashi, Prabodhini Ekadashi","દેવઊઠી એકાદશી, પ્રબોધિની એકાદશી","Dev Uthi Ekadashi, Prabodhini Ekadashi",,
11/23/2023 0:00,Kartak,કારતક,Sud,સુદ,Ekadashi,એકાદશી,Bhagwan Swaminarayan Diksha Din,"ભગવાન શ્રી સ્વામિનારાયણની દીક્ષાતિથિ (સં. ૧૮૫૭, પીપલાણા) તથા ધર્મધુરાધારણતિથિ (સં. ૧૮૫૮, જેતપુર)",Bhagwan Swaminarayan Diksha Din,,
11/23/2023 0:00,Kartak,કારતક,Sud,સુદ,Ekadashi,એકાદશી,Dharmadev Birth,"ધર્મદેવનો જન્મ (ઈટાર, સં. ૧૭૯૬)",Dharmadev Birth,,
11/23/2023 0:00,Kartak,કારતક,Sud,સુદ,Ekadashi,એકાદશી,Muktanand Swami ae pratham aarti kari,"સદ્‌. મુક્તાનંદસ્વામીએ પ્રથમ આરતી કરી (કાલવાણી, સં. ૧૮૫૯)",Muktanand Swami ae pratham aarti kari,,
11/23/2023 0:00,Kartak,કારતક,Sud,સુદ,Ekadashi,એકાદશી,Shri Hari ae Acharyasri ni sthapana kari,"શ્રીહરિએ આચાર્યશ્રીની સ્થાપના કરી (વડતાલ, સં ૧૮૮૨)",Shri Hari ae Acharyasri ni sthapana kari,,
11/23/2023 0:00,Kartak,કારતક,Sud,સુદ,Ekadashi,એકાદશી,Tulsivivah prarambh,તુલસીવિવાહ પ્રારંભ,Tulsivivah prarambh,,
11/24/2023 0:00,Kartak,કારતક,Sud,સુદ,Baras,બારસ,,,,,
11/25/2023 0:00,Kartak,કારતક,Sud,સુદ,Teras,તેરસ,Bhramswaroop Shri Bhagatji Maharaj ni Swadham Gaman Din,બ્રહ્મસ્વરૂપ શ્રી ભગતજીમહારાજની સ્વધામગમનતિથિ (સં. ૧૯૫૪),,,
11/26/2023 0:00,Kartak,કારતક,Sud,સુદ,Chaudas,ચૌદસ,,,,,
11/27/2023 0:00,Kartak,કારતક,Sud,સુદ,Punam,પૂનમ,"Poonam, Dev Diwali","પૂનમ, દેવદિવાળી",,,
11/27/2023 0:00,Kartak,કારતક,Sud,સુદ,Punam,પૂનમ,Tulsivivah samapt,તુલસીવિવાહ સમાપ્ત,,,
11/27/2023 0:00,Kartak,કારતક,Sud,સુદ,Punam,પૂનમ,Bhaktimata no janam,"ભક્તિમાતાનો જન્મ (છપૈયા, સં. ૧૮૯૮)",,,
11/28/2023 0:00,Kartak,કારતક,Vad,વદ,Padvo,પડવો,,,,,
11/29/2023 0:00,Kartak,કારતક,Vad,વદ,Beej,બીજ,,,,,
11/30/2023 0:00,Kartak,કારતક,Vad,વદ,Treej,ત્રીજ,,,,,
11/30/2023 0:00,,,,,,,"Shri Nutan Gnyanyagna Deri no Patotsav, Gurubhakti Din (Haridham Mandir, Sokhada; date: November 30, 2003)","શ્રી નૂતન જ્ઞાનયજ્ઞ દેરીનો પાટોત્સવ, ગુરુભક્તિદિન (હરિધામ મંદિર, સોખડા) (તા : ૩૦-૧૧-૨૦૦૩)",,,
12/1/2023 0:00,Kartak,કારતક,Vad,વદ,Choth,ચોથ,,,,,
12/2/2023 0:00,Kartak,કારતક,Vad,વદ,Pancham,પંચમ,Shri Shashtriji Maharaj no Dikshan Din,"શ્રી શાસ્ત્રીજીમહારાજ દિક્ષાતિથિ (વડતાલ, વિ.સં. ૧૯૩૯)",,,
12/3/2023 0:00,Kartak,કારતક,Vad,વદ,Chhath,છઠ,,,,,
12/4/2023 0:00,Kartak,કારતક,Vad,વદ,Satam,સાતમ,,,,,
12/5/2023 0:00,Kartak,કારતક,Vad,વદ,Atham,આઠમ,,,,,
12/6/2023 0:00,Kartak,કારતક,Vad,વદ,Nom,નોમ,,,,,
12/7/2023 0:00,Kartak,કારતક,Vad,વદ,Dasham,દશમ,,,,,
12/8/2023 0:00,Kartak,કારતક,Vad,વદ,Agiyaras,અગિયારસ,,,,,
12/9/2023 0:00,Kartak,કારતક,Vad,વદ,Ekadashi,એકાદશી,Utpatti Ekadashi,ઉત્ત્પત્તિ એકાદશી,"Utpatti Ekadashi commemorates the awakening of Lord Vishnu from his cosmic sleep (Yoga Nidra). Devotees believe that observing a fast on this day and participating in prayers can absolve sins, eliminate negative karma, and bring peace and prosperity into their lives. It is considered an auspicious time to seek divine blessings and connect with the spiritual realm.",,https://app.haridham.us/appassets/ekadashi.jpg
12/10/2023 0:00,Kartak,કારતક,Vad,વદ,Baras,બારસ,,,,,
12/10/2023 0:00,Kartak,કારતક,Vad,વદ,Teras,તેરસ,,,,,
12/11/2023 0:00,Kartak,કારતક,Vad,વદ,Chaudas,ચૌદસ,,,,,
12/12/2023 0:00,Kartak,કારતક,Vad,વદ,Amas,અમાસ,,,,,
12/13/2023 0:00,Magshar,માગશર,Sud,સુદ,Padvo,પડવો,,,,,
12/14/2023 0:00,Magshar,માગશર,Sud,સુદ,Beej,બીજ,,,,,
12/15/2023 0:00,Magshar,માગશર,Sud,સુદ,Treej,ત્રીજ,,,,,
12/16/2023 0:00,Magshar,માગશર,Sud,સુદ,Choth,ચોથ,Shri Vachanamrut Jayanti,"શ્રી વચનામૃત જયંતી (વચનામૃત ઉદ્‌બોધનનો પ્રારંભ, માગશર સુદ ચોથ, સં. ૧૮૭૬, શુભસ્થાન : ગઢડા, જિ. બોટાદ)",,,
12/16/2023 0:00,Magshar,માગશર,Sud,સુદ,Choth,ચોથ,"Dhanumars, dhanarak, kamuratam parambha","ધનુમાર્સ, ધનારક, કમૂરતાં પ્રારંભ તા. ૧૬-૧૨-૨૦૨૩ થી તા. ૧૪-૧-૨૦૨૪ સુધી, વાસ્તુ, લટ, જનોઈ જેવાં શુભકાર્ય વર્જ્ય",,,
12/17/2023 0:00,Magshar,માગશર,Sud,સુદ,Pancham,પંચમ,,,,,
12/18/2023 0:00,Magshar,માગશર,Sud,સુદ,Chhath,છઠ,,,,,
12/19/2023 0:00,Magshar,માગશર,Sud,સુદ,Satam,સાતમ,,,,,
12/20/2023 0:00,Magshar,માગશર,Sud,સુદ,Atham,આઠમ,,,,,
12/21/2023 0:00,Magshar,માગશર,Sud,સુદ,Nom,નોમ,,,,,
12/22/2023 0:00,Magshar,માગશર,Sud,સુદ,Dasham,દશમ,,,,,
12/22/2023 0:00,Magshar,માગશર,Sud,વદ,Ekadashi,એકાદશી,Moksada Ekadashi,મોક્ષદા એકાદશી,"Once, a saintly king called Vaikhanasa ruled in the city of Champaka. One night, the king had a dream, where he saw his forefathers being tormented in Naraka (Hell) who begged the king to liberate them. The king was highly anguished and related this nightmare to the Brahmins of his council the next day. He sought their advice as to how to free his ancestors from tortures of Naraka, and grant them moksha (salvation). The council advised the king to approach the omniscient saint, Parvata Muni (sage of the mountain). The sage meditated and found the reason for the hellish torture of the king's father. He stated that his father had committed the sin of not fulfilling his sexual duty to his wife while she was ovulating, choosing to visit a village instead. As a solution to rectify the situation, the sage suggested to the king to observe vrata (vow) of the Mokshada Ekadashi day. On Moksha Ekadashi, the king observed the vrata with a complete fast along with his wife, children, and relatives with full faith and devotion. The king's religious merit (obtained from the vrata) pleased the devas of Svarga, who carried the king's father to their heaven.",,https://app.haridham.us/appassets/ekadashi.jpg
12/22/2023 0:00,Magshar,માગશર,Sud,વદ,Ekadashi,એકાદશી,Shrimad Bhagwat Gita Jayanti,શ્રીમદ્‌ ભગવદ્‌ ગીતા જયંતી,,,https://app.haridham.us/appassets/ekadashi.jpg
12/23/2023 0:00,Magshar,માગશર,Sud,વદ,Ekadashi,એકાદશી,Moksada Ekadashi,મોક્ષદા એકાદશી,"Once, a saintly king called Vaikhanasa ruled in the city of Champaka. One night, the king had a dream, where he saw his forefathers being tormented in Naraka (Hell) who begged the king to liberate them. The king was highly anguished and related this nightmare to the Brahmins of his council the next day. He sought their advice as to how to free his ancestors from tortures of Naraka, and grant them moksha (salvation). The council advised the king to approach the omniscient saint, Parvata Muni (sage of the mountain). The sage meditated and found the reason for the hellish torture of the king's father. He stated that his father had committed the sin of not fulfilling his sexual duty to his wife while she was ovulating, choosing to visit a village instead. As a solution to rectify the situation, the sage suggested to the king to observe vrata (vow) of the Mokshada Ekadashi day. On Moksha Ekadashi, the king observed the vrata with a complete fast along with his wife, children, and relatives with full faith and devotion. The king's religious merit (obtained from the vrata) pleased the devas of Svarga, who carried the king's father to their heaven.",,https://app.haridham.us/appassets/ekadashi.jpg
12/23/2023 0:00,Magshar,માગશર,Sud,વદ,Ekadashi,એકાદશી,Shrimad Bhagwat Gita Jayanti,શ્રીમદ્‌ ભગવદ્‌ ગીતા જયંતી,,,https://app.haridham.us/appassets/ekadashi.jpg
12/23/2023 0:00,Magshar,માગશર,Sud,સુદ,Baras,બારસ,,,,,
12/24/2023 0:00,Magshar,માગશર,Sud,સુદ,Teras,તેરસ,Sadguru Ramanand Swami Swadham Gaman Tithi,"સદ્‌. રામાનંદસ્વામી સ્વધામગમનતિથિ (ફરેણી, સં. ૧૮૫૮)",,,
12/25/2023 0:00,Magshar,માગશર,Sud,સુદ,Chaudas,ચૌદસ,Shri Dattatreya Jayanti,શ્રી દત્તાત્રેય જયંતી,,,
12/25/2023 0:00,Magshar,માગશર,Sud,સુદ,Chaudas,ચૌદસ,Natal,નાતાલ,,,
12/26/2023 0:00,Magshar,માગશર,Sud,સુદ,Punam,પૂનમ,,,,,
12/27/2023 0:00,Magshar,માગશર,Vad,વદ,Padvo,પડવો,,,,,
12/27/2023 0:00,,,,,,,"Guruhari Premswaroop Swamiji Maharaj no Pragatya Din (Dharmaj; date: December 27, 1945)","ગુરુહરિ પ્રેમસ્વરૂપસ્વામીજી મહારાજનો પ્રાગટ્યદિન (ધર્મજ, તા. ૨૭-૧૨-૧૯૪૫)",,,
12/28/2023 0:00,Magshar,માગશર,Vad,વદ,Beej,બીજ,,,,,
12/28/2023 0:00,,,,,,,"Atmiya Vidhyadham, Bakrol (Vidhyanagar) Mandir no Patotsav (date: December 28, 2014)","આત્મીય વિદ્યાધામ, બાકરોલ (વિદ્યાનગર) મંદિરનો પાટોત્સવ (તા : ૨૮-૧૨-૨૦૧૪)",,,
12/29/2023 0:00,Magshar,માગશર,Vad,વદ,Beej,બીજ,,,,,
12/29/2023 0:00,,,,,,,"Sankarda Nutan Mandir no Patotsav (date: December 29, 2018)",સાંકરદા નૂતન મંદિરનો પાટોત્સવ (તા : ૨૯-૧૨-૨૦૧૮),,,
12/30/2023 0:00,Magshar,માગશર,Vad,વદ,Treej,ત્રીજ,,,,,
12/31/2023 0:00,Magshar,માગશર,Vad,વદ,Choth,ચોથ,,,,,
12/31/2023 0:00,,,,,,,"Shri Swaminarayan Mahamantra Pradhan din (Faneni; date: December 31, 1801)","શ્રી ‘સ્વામિનારાયણ’ મહામંત્ર પ્રદાનદિન (ફરેણી, તા. ૩૧-૧૨-૧૮૦૧)",,,
1/1/2024 0:00,Magshar,માગશર,Vad,વદ,Pancham,પંચમ,,,,,
1/2/2024 0:00,Magshar,માગશર,Vad,વદ,Chhath,છઠ,,,,,
1/3/2024 0:00,Magshar,માગશર,Vad,વદ,Satam,સાતમ,,,,,
1/4/2024 0:00,Magshar,માગશર,Vad,વદ,Atham,આઠમ,,,,,
1/5/2024 0:00,Magshar,માગશર,Vad,વદ,Nom,નોમ,,,,,
1/6/2024 0:00,Magshar,માગશર,Vad,વદ,Dasham,દશમ,,,,,
1/7/2024 0:00,Magshar,માગશર,Vad,વદ,Ekadashi,એકાદશી,,,,,https://app.haridham.us/appassets/ekadashi.jpg
1/8/2024 0:00,Magshar,માગશર,Vad,વદ,Baras,બારસ,,,,,
1/9/2024 0:00,Magshar,માગશર,Vad,વદ,Teras,તેરસ,,,,,
1/10/2024 0:00,Magshar,માગશર,Vad,વદ,Chaudas,ચૌદસ,,,,,
1/11/2024 0:00,Magshar,માગશર,Vad,વદ,Amas,અમાસ,,,,,
1/12/2024 0:00,Posh,પોષ,Sud,સુદ,Padvo,પડવો,,,,,
1/13/2024 0:00,Posh,પોષ,Sud,સુદ,Beej,બીજ,,,,,
1/14/2024 0:00,Posh,પોષ,Sud,સુદ,Treej,ત્રીજ,,,,,
1/15/2024 0:00,Posh,પોષ,Sud,સુદ,Pancham,પંચમ,,,,,
1/16/2024 0:00,Posh,પોષ,Sud,સુદ,Chhath,છઠ,,,,,
1/17/2024 0:00,Posh,પોષ,Sud,સુદ,Satam,સાતમ,,,,,
1/18/2024 0:00,Posh,પોષ,Sud,સુદ,Atham,આઠમ,,,,,
1/19/2024 0:00,Posh,પોષ,Sud,સુદ,Nom,નોમ,,,,,
1/20/2024 0:00,Posh,પોષ,Sud,સુદ,Dasham,દશમ,,,,,
1/21/2024 0:00,Posh,પોષ,Sud,સુદ,Ekadashi,એકાદશી,,,,,https://app.haridham.us/appassets/ekadashi.jpg
1/22/2024 0:00,Posh,પોષ,Sud,સુદ,Baras,બારસ,,,,,
1/23/2024 0:00,Posh,પોષ,Sud,સુદ,Teras,તેરસ,,,,,
1/24/2024 0:00,Posh,પોષ,Sud,સુદ,Chaudas,ચૌદસ,,,,,
1/25/2024 0:00,Posh,પોષ,Sud,સુદ,Punam,પૂનમ,,,,,
1/26/2024 0:00,Posh,પોષ,Vad,વદ,Padvo,પડવો,,,,,
1/27/2024 0:00,Posh,પોષ,Vad,વદ,Beej,બીજ,,,,,
1/28/2024 0:00,Posh,પોષ,Vad,વદ,Treej,ત્રીજ,,,,,
1/29/2024 0:00,Posh,પોષ,Vad,વદ,Choth,ચોથ,,,,,
1/30/2024 0:00,Posh,પોષ,Vad,વદ,Choth,ચોથ,,,,,
1/31/2024 0:00,Posh,પોષ,Vad,વદ,Pancham,પંચમ,,,,,
2/1/2024 0:00,Posh,પોષ,Vad,વદ,Chhath,છઠ,,,,,
2/2/2024 0:00,Posh,પોષ,Vad,વદ,Satam,સાતમ,,,,,
2/3/2024 0:00,Posh,પોષ,Vad,વદ,Atham,આઠમ,,,,,
2/4/2024 0:00,Posh,પોષ,Vad,વદ,Nom,નોમ,,,,,
2/5/2024 0:00,Posh,પોષ,Vad,વદ,Dasham,દશમ,,,,,
2/6/2024 0:00,Posh,પોષ,Vad,વદ,Ekadashi,એકાદશી,,,,,https://app.haridham.us/appassets/ekadashi.jpg
2/7/2024 0:00,Posh,પોષ,Vad,વદ,Baras,બારસ,,,,,
2/8/2024 0:00,Posh,પોષ,Vad,વદ,Teras,તેરસ,,,,,
2/9/2024 0:00,Posh,પોષ,Vad,વદ,Amas,અમાસ,,,,,
2/10/2024 0:00,Maha,મહા,Sud,સુદ,Padvo,પડવો,,,,,
2/11/2024 0:00,Maha,મહા,Sud,સુદ,Beej,બીજ,,,,,
2/12/2024 0:00,Maha,મહા,Sud,સુદ,Treej,ત્રીજ,,,,,
2/13/2024 0:00,Maha,મહા,Sud,સુદ,Choth,ચોથ,,,,,
2/14/2024 0:00,Maha,મહા,Sud,સુદ,Pancham,પંચમ,,,,,
2/15/2024 0:00,Maha,મહા,Sud,સુદ,Chhath,છઠ,,,,,
2/16/2024 0:00,Maha,મહા,Sud,સુદ,Satam,સાતમ,,,,,
2/17/2024 0:00,Maha,મહા,Sud,સુદ,Atham,આઠમ,,,,,
2/18/2024 0:00,Maha,મહા,Sud,સુદ,Nom,નોમ,,,,,
2/19/2024 0:00,Maha,મહા,Sud,સુદ,Dasham,દશમ,,,,,
2/20/2024 0:00,Maha,મહા,Sud,સુદ,Ekadashi,એકાદશી,,,,,https://app.haridham.us/appassets/ekadashi.jpg
2/21/2024 0:00,Maha,મહા,Sud,સુદ,Baras,બારસ,,,,,
2/22/2024 0:00,Maha,મહા,Sud,સુદ,Teras,તેરસ,,,,,
2/23/2024 0:00,Maha,મહા,Sud,સુદ,Chaudas,ચૌદસ,,,,,
2/24/2024 0:00,Maha,મહા,Sud,સુદ,Punam,પૂનમ,,,,,
2/25/2024 0:00,Maha,મહા,Vad,વદ,Padvo,પડવો,,,,,
2/26/2024 0:00,Maha,મહા,Vad,વદ,Beej,બીજ,,,,,
2/27/2024 0:00,Maha,મહા,Vad,વદ,Treej,ત્રીજ,,,,,
2/28/2024 0:00,Maha,મહા,Vad,વદ,Choth,ચોથ,,,,,
2/29/2024 0:00,Maha,મહા,Vad,વદ,Pancham,પંચમ,,,,,
3/1/2024 0:00,Maha,મહા,Vad,વદ,Chhath,છઠ,,,,,
3/2/2024 0:00,Maha,મહા,Vad,વદ,Chhath,છઠ,,,,,
3/3/2024 0:00,Maha,મહા,Vad,વદ,Satam,સાતમ,,,,,
3/4/2024 0:00,Maha,મહા,Vad,વદ,Atham,આઠમ,,,,,
3/5/2024 0:00,Maha,મહા,Vad,વદ,Dasham,દશમ,,,,,
3/6/2024 0:00,Maha,મહા,Vad,વદ,Ekadashi,એકાદશી,,,,,https://app.haridham.us/appassets/ekadashi.jpg
3/7/2024 0:00,Maha,મહા,Vad,વદ,Baras,બારસ,,,,,
3/8/2024 0:00,Maha,મહા,Vad,વદ,Teras,તેરસ,,,,,
3/9/2024 0:00,Maha,મહા,Vad,વદ,Chaudas,ચૌદસ,,,,,
3/10/2024 0:00,Maha,મહા,Vad,વદ,Amas,અમાસ,,,,,
3/11/2024 0:00,Phagun,ફાગણ,Sud,સુદ,Padvo,પડવો,,,,,
3/12/2024 0:00,Phagun,ફાગણ,Sud,સુદ,Treej,ત્રીજ,,,,,
3/13/2024 0:00,Phagun,ફાગણ,Sud,સુદ,Choth,ચોથ,,,,,
3/14/2024 0:00,Phagun,ફાગણ,Sud,સુદ,Pancham,પંચમ,,,,,
3/15/2024 0:00,Phagun,ફાગણ,Sud,સુદ,Chhath,છઠ,,,,,
3/16/2024 0:00,Phagun,ફાગણ,Sud,સુદ,Satam,સાતમ,,,,,
3/17/2024 0:00,Phagun,ફાગણ,Sud,સુદ,Atham,આઠમ,,,,,
3/18/2024 0:00,Phagun,ફાગણ,Sud,સુદ,Nom,નોમ,,,,,
3/19/2024 0:00,Phagun,ફાગણ,Sud,સુદ,Dasham,દશમ,,,,,
3/20/2024 0:00,Phagun,ફાગણ,Sud,સુદ,Ekadashi,એકાદશી,Amalki Ekadashi,"આમલકી એકાદશી, ઉપવાસ","According to the legend narrated for the occasion, King Chitrasena and his subjects observed the vrata of Amalaka Ekadashi. During one of his hunting trips, Chitrasena lost his way in the forest and was captured by the rakshasas (demons) who attacked him with weapons. Though he remained physically unharmed, the king fell unconscious as more rakshasas surrounded him. A divine power in the form of a light emerged from his body and destroyed his attackers and then vanished. On regaining consciousness, Chitrasena was stunned to see all the attackers killed. A divine voice (Akasavani) announced that this was due to the observance of the Ekadashi vrata. Following this incident, the vrata became popular in the kingdom, which led to peace and harmony.",,https://app.haridham.us/appassets/ekadashi.jpg
3/21/2024 0:00,Phagun,ફાગણ,Sud,સુદ,Baras,બારસ,,,,,
3/22/2024 0:00,Phagun,ફાગણ,Sud,સુદ,Teras,તેરસ,,,,,
3/23/2024 0:00,Phagun,ફાગણ,Sud,સુદ,Teras,તેરસ,,,,,
3/24/2024 0:00,Phagun,ફાગણ,Sud,સુદ,Punam,પૂનમ,Hutasani Poonam,"પૂનમ, હુતાશની",The famous Holika Dahan associated with Holi festival is observed on the Hutasani Purnima day.,,
3/24/2024 0:00,Phagun,ફાગણ,Sud,સુદ,Punam,પૂનમ,Holika Dahan,હોલિકાદહન,,,
3/24/2024 0:00,Phagun,ફાગણ,Sud,સુદ,Punam,પૂનમ,Bhramswaroop Shri Bhagatji Maharaj no Pragatya Din,"બ્રહ્મસ્વરૂપ શ્રી ભગતજીમહારાજનો પ્રાગટ્યદિન (સં. ૧૮૮૫) (પ્રાગટ્ય : મહુવા, જિ. ભાવનગર)",,,
3/25/2024 0:00,Phagun,ફાગણ,Sud,સુદ,Punam,પૂનમ,Hutasani Poonam,"પૂનમ, હુતાશની",The famous Holika Dahan associated with Holi festival is observed on the Hutasani Purnima day.,,
3/25/2024 0:00,Phagun,ફાગણ,Sud,સુદ,Punam,પૂનમ,Holika Dahan,હોલિકાદહન,,,
3/25/2024 0:00,Phagun,ફાગણ,Sud,સુદ,Punam,પૂનમ,Bhramswaroop Shri Bhagatji Maharaj no Pragatya Din,"બ્રહ્મસ્વરૂપ શ્રી ભગતજીમહારાજનો પ્રાગટ્યદિન (સં. ૧૮૮૫) (પ્રાગટ્ય : મહુવા, જિ. ભાવનગર)",,,
3/26/2024 0:00,Phagun,ફાગણ,Vad,વદ,Padvo,પડવો,"Dhuleti, Holastak Kamuratam Samapt","ધૂળેટી, હોળાષ્ટક-કમૂરતાં સમાપ્ત",,,
3/26/2024 0:00,Phagun,ફાગણ,Vad,વદ,Padvo,પડવો,Rangotsav,"રંગોત્સવ, ફુલદોલોત્સવ",,,
3/26/2024 0:00,Phagun,ફાગણ,Vad,વદ,Padvo,પડવો,Sant Bhagvant P.P. Jashbhai Saheebji no Pragatya Din,સંતભગવંત પ.પૂ. જશભાઈ સાહેબજીનો પ્રાગટ્યદિન (વિ. સં ૧૯૯૬),,,
3/27/2024 0:00,Phagun,ફાગણ,Vad,વદ,Beej,બીજ,,,,,
3/27/2024 0:00,,,,,,,"Bharuch Hari Mandira no Patotsav (date: March 27, 2016)",ભરૂચ હરિમંદિરનો પાટોત્સવ (તા : ૨૭-૩-૨૦૧૬),,,
3/28/2024 0:00,Phagun,ફાગણ,Vad,વદ,Treej,ત્રીજ,,,,,
3/29/2024 0:00,Phagun,ફાગણ,Vad,વદ,Choth,ચોથ,,,,,
3/30/2024 0:00,Phagun,ફાગણ,Vad,વદ,Pancham,પંચમ,,,,,
3/31/2024 0:00,Phagun,ફાગણ,Vad,વદ,Chhath,છઠ,,,,,
4/1/2024 0:00,Phagun,ફાગણ,Vad,વદ,Satam,સાતમ,,,,,
4/2/2024 0:00,Phagun,ફાગણ,Vad,વદ,Atham,આઠમ,,,,,
4/3/2024 0:00,Phagun,ફાગણ,Vad,વદ,Nom,નોમ,,,,,
4/4/2024 0:00,Phagun,ફાગણ,Vad,વદ,Dasham,દશમ,,,,,
4/5/2024 0:00,Phagun,ફાગણ,Vad,વદ,Ekadashi,એકાદશી,,,,,https://app.haridham.us/appassets/ekadashi.jpg
4/6/2024 0:00,Phagun,ફાગણ,Vad,વદ,Baras,બારસ,,,,,
4/7/2024 0:00,Phagun,ફાગણ,Vad,વદ,Chaudas,ચૌદસ,,,,,
4/8/2024 0:00,Phagun,ફાગણ,Vad,વદ,Amas,અમાસ,,,,,
4/9/2024 0:00,Chaitra,ચૈતર,Sud,સુદ,Padvo,પડવો,Chaitra Samvatsara Prarambh,ચૈત્રી સંવત્સર પ્રારંભ,"A cycle of sixty years, starts",,
4/9/2024 0:00,Chaitra,ચૈતર,Sud,સુદ,Padvo,પડવો,Shri Swaminarayan Samvat 243 Prarambh,શ્રી સ્વામિનારાયણ સંવત-૨૪૩ પ્રારંભ,,,
4/9/2024 0:00,Chaitra,ચૈતર,Sud,સુદ,Padvo,પડવો,Gudi Padvo (Maharashtrian Nutanvarsh),ગુડી પડવો (મહારાષ્ટ્રીયન નૂતનવર્ષ),,,
4/9/2024 0:00,Chaitra,ચૈતર,Sud,સુદ,Padvo,પડવો,Cheti Chand (Sindhi Nutanvarsh),ચેટીચાંદ (સિંધી નૂતનવર્ષ),,,
4/9/2024 0:00,Chaitra,ચૈતર,Sud,સુદ,Padvo,પડવો,Chaitra Navratri Prarambh (Aajthi nav divas sudhi kadva limbda no raas pivo),ચૈત્રી નવરાત્રિ પ્રારંભ (આજથી નવ દિવસ સુધી કડવા લીમડાનો રસ પીવો.),,,
4/10/2024 0:00,Chaitra,ચૈતર,Sud,સુદ,Beej,બીજ,,,,,
4/11/2024 0:00,Chaitra,ચૈતર,Sud,સુદ,Treej,ત્રીજ,,,,,
4/12/2024 0:00,Chaitra,ચૈતર,Sud,સુદ,Choth,ચોથ,,,,,
4/13/2024 0:00,Chaitra,ચૈતર,Sud,સુદ,Pancham,પંચમ,,,,,
4/13/2024 0:00,,,,,,,"Khodatalava (Vyara) Hari Mandir no Patotsav (date: April 13, 2014)",ખોડતલાવ (જિ. વ્યારા) હરિમંદિરનો પાટોત્સવ (તા : ૧૩-૪-૨૦૧૪),,,
4/14/2024 0:00,Chaitra,ચૈતર,Sud,સુદ,Chhath,છઠ,,,,,
4/15/2024 0:00,Chaitra,ચૈતર,Sud,સુદ,Satam,સાતમ,,,,,
4/16/2024 0:00,Chaitra,ચૈતર,Sud,સુદ,Atham,આઠમ,,,,,
4/17/2024 0:00,Chaitra,ચૈતર,Sud,સુદ,Nom,નોમ,"Purna Purushottam Bhagwan Shri Swaminarayan no Pradurbhav Din, Ratre 10:10 (Samvat 1837; Chappaiya)","પૂર્ણ પુરુષોત્તમ ભગવાન શ્રી સ્વામિનારાયણનો પ્રાદુર્ભાવદિન, રાત્રે ૧૦.૧૦ (સં. ૧૮૩૭, છપૈયા, યુ.પી.)",,,
4/17/2024 0:00,Chaitra,ચૈતર,Sud,સુદ,Nom,નોમ,"Maryada Purushottam Bhagwan Shri Ramchandraji no Pragatyadin (Ayodha, U.P.)","મયાર્દા પુરુષોત્તમ ભગવાન શ્રી રામચંદ્રજીનો પ્રાગટ્યદિન (અયોધ્યા, યુ.પી.)",,,
4/17/2024 0:00,Chaitra,ચૈતર,Sud,સુદ,Nom,નોમ,"Haridham Sokhada Mandirna Shri Thakorji no Patotsav (April 12, 1981)",હરિધામ-સોખડા મંદિરના શ્રી ઠાકોરજીનો પાટોત્સવ (તા : ૧૨-૪-૧૯૮૧),,,
4/17/2024 0:00,Chaitra,ચૈતર,Sud,સુદ,Nom,નોમ,Nirjal Upvas,નિર્જલ ઉપવાસ,,,
4/18/2024 0:00,Chaitra,ચૈતર,Sud,સુદ,Dasham,દશમ,,,,,
4/19/2024 0:00,Chaitra,ચૈતર,Sud,સુદ,Ekadashi,એકાદશી,Kamada Ekadashi,કામદા એકાદશી,Kamada Ekadashi is believed to fulfil all worldly desires of devotees (kamada meaning ‘fulfillment of desire).,,https://app.haridham.us/appassets/ekadashi.jpg
4/20/2024 0:00,Chaitra,ચૈતર,Sud,સુદ,Baras,બારસ,,,,,
4/21/2024 0:00,Chaitra,ચૈતર,Sud,સુદ,Teras,તેરસ,Bhramswaroop Yogiji Maharaj ni Diksha Tithi (Vadtal; Samvat 1967),"બ્રહ્મસ્વરૂપ યોગીજીમહારાજની દીક્ષાતિથિ (વડતાલ, વિ. સં ૧૯૬૭)",,,
4/21/2024 0:00,Chaitra,ચૈતર,Sud,સુદ,Teras,તેરસ,Shri Mahavir Jayanti,શ્રી મહાવીર જયંતી,,,
4/22/2024 0:00,Chaitra,ચૈતર,Sud,સુદ,Chaudas,ચૌદસ,,,,,
4/23/2024 0:00,Chaitra,ચૈતર,Sud,સુદ,Punam,પૂનમ,Shri Hanuman Jayanti,શ્રી હનુમાન જયંતી,,,
4/24/2024 0:00,Chaitra,ચૈતર,Vad,વદ,Padvo,પડવો,,,,,
4/25/2024 0:00,Chaitra,ચૈતર,Vad,વદ,Padvo,પડવો,,,,,
4/26/2024 0:00,Chaitra,ચૈતર,Vad,વદ,Beej,બીજ,,,,,
4/27/2024 0:00,Chaitra,ચૈતર,Vad,વદ,Treej,ત્રીજ,,,,,
4/28/2024 0:00,Chaitra,ચૈતર,Vad,વદ,Choth,ચોથ,,,,,
4/29/2024 0:00,Chaitra,ચૈતર,Vad,વદ,Pancham,પંચમ,,,,,
4/30/2024 0:00,Chaitra,ચૈતર,Vad,વદ,Satam,સાતમ,,,,,
5/1/2024 0:00,Chaitra,ચૈતર,Vad,વદ,Atham,આઠમ,,,,,
5/1/2024 0:00,,,,,,,Gujarat Sthapana Din,ગુજરાત સ્થાપનાદિન,,,
5/1/2024 0:00,,,,,,,Maharashtra Sthapana Din,મહારાષ્ટ્રનો સ્થાપનાદિન,,,
5/2/2024 0:00,Chaitra,ચૈતર,Vad,વદ,Nom,નોમ,,,,,
5/3/2024 0:00,Chaitra,ચૈતર,Vad,વદ,Dasham,દશમ,,,,,
5/4/2024 0:00,Chaitra,ચૈતર,Vad,વદ,Ekadashi,એકાદશી,,વરૂથિની એકાદશી,,,https://app.haridham.us/appassets/ekadashi.jpg
5/4/2024 0:00,Chaitra,ચૈતર,Vad,વદ,Ekadashi,એકાદશી,,શ્રી વલ્લભાચાર્ય જયંતી,,,https://app.haridham.us/appassets/ekadashi.jpg
5/4/2024 0:00,,,,,,,"Harisumiran Yogifarm, Vasana Kotariya (Vadodara) Hari Mandir no Patotsav (date: May 4, 2017)","હરિસુમિરન’ યોગીફાર્મ, વાસણા કોતરિયા (જિ. વડોદરા) હરિમંદિરનો પાટોત્સવ (તા : ૪-૫-૨૦૧૭)",,,
5/5/2024 0:00,Chaitra,ચૈતર,Vad,વદ,Baras,બારસ,,,,,
5/6/2024 0:00,Chaitra,ચૈતર,Vad,વદ,Teras,તેરસ,,,,,
5/7/2024 0:00,Chaitra,ચૈતર,Vad,વદ,Amas,અમાસ,,,,,
5/8/2024 0:00,Chaitra,ચૈતર,Vad,વદ,Amas,અમાસ,,,,,
5/9/2024 0:00,Vaishakh,વૈશાખ,Sud,સુદ,Beej,બીજ,,અખાત્રીજ - અક્ષયતૃતીયા,,,
5/9/2024 0:00,Vaishakh,વૈશાખ,Sud,સુદ,Beej,બીજ,,શ્રી ઠાકોરજની મૂર્તિઓને ચંદનનાં વાઘાં ધરાવવાનો પ્રારંભ,,,
5/9/2024 0:00,Vaishakh,વૈશાખ,Sud,સુદ,Beej,બીજ,,શ્રી પરશુરામ જયંતી,,,
5/10/2024 0:00,Vaishakh,વૈશાખ,Sud,સુદ,Treej,ત્રીજ,,,,,
5/11/2024 0:00,Vaishakh,વૈશાખ,Sud,સુદ,Choth,ચોથ,,બ્રહ્મસ્વરૂપ શાસ્ત્રીજીમહારાજની સ્વધામગમનતિથિ (વિ. સં. ૨૦૦૭),,,
5/12/2024 0:00,Vaishakh,વૈશાખ,Sud,સુદ,Pancham,પંચમ,,શ્રી રામાનુજાચાર્ય જયંતી,,,
5/12/2024 0:00,Vaishakh,વૈશાખ,Sud,સુદ,Pancham,પંચમ,,શ્રી આદ્યશંકરાચાર્ય જયંતી,,,
5/13/2024 0:00,Vaishakh,વૈશાખ,Sud,સુદ,Chhath,છઠ,,,,,
5/14/2024 0:00,Vaishakh,વૈશાખ,Sud,સુદ,Satam,સાતમ,,,,,
5/15/2024 0:00,Vaishakh,વૈશાખ,Sud,સુદ,Atham,આઠમ,,,,,
5/16/2024 0:00,Vaishakh,વૈશાખ,Sud,સુદ,Atham,આઠમ,,,,,
5/17/2024 0:00,Vaishakh,વૈશાખ,Sud,સુદ,Nom,નોમ,,,,,
5/18/2024 0:00,Vaishakh,વૈશાખ,Sud,સુદ,Dasham,દશમ,,"બ્રહ્મસ્વરૂપ યોગીજીમહારાજનો પ્રાગટ્યદિન (ધારી, તા. ૨૩-૦૫-૧૮૯૧)",,,
5/18/2024 0:00,Vaishakh,વૈશાખ,Sud,સુદ,Dasham,દશમ,,"બ્રહ્મસ્વરૂપ હરિપ્રસાદસ્વામીજી મહારાજનો પ્રાગટ્યદિન (આસોજ, તા. ૨૩-૦૫-૧૯૩૪)",,,
5/19/2024 0:00,Vaishakh,વૈશાખ,Sud,સુદ,Ekadashi,એકાદશી,Mohini Ekadashi,મોહિની એકાદશી,"Mohini was the incarnated form of Lord Vishnu. At the time of Samudra Manthan, when nectar was churned out, there was a dispute that took place between demons and deities about who will consume the Amrit. Deities sought help from Lord Vishnu and thus appeared in the form of a beautiful woman named Mohini to distract the attention of the devils from the pot of nectar. Thus, all the deities consumed nectar with the help of Lord Vishnu. That is why the day is celebrated as Mohini Ekadashi.",,https://app.haridham.us/appassets/ekadashi.jpg
5/20/2024 0:00,Vaishakh,વૈશાખ,Sud,સુદ,Baras,બારસ,,શ્રી નૃસિંહ જયંતી,,,
5/21/2024 0:00,Vaishakh,વૈશાખ,Sud,સુદ,Teras,તેરસ,,શ્રી રામાનુજાચાર્ય જયંતી,,,
5/22/2024 0:00,Vaishakh,વૈશાખ,Sud,સુદ,Chaudas,ચૌદસ,,શ્રી આદ્યશંકરાચાર્ય જયંતી,,,
5/22/2024 0:00,,,,,,,"Vasana Kotariya (Vadodara) Hari Mandirn o Patotsav (date: May 22, 2021)",વાસણા કોતરિયા ગામ (જિ. વડોદરા) હરિમંદિરનો પાટોત્સવ (તા : ૨૨-૫-૨૦૨૧),,,
5/22/2024 0:00,,,,,,,"Maryland USA Hari Mandirn o Patotsav (date: May 22, 2021)",મેરીલેન્ડ (અમેરિકા) હરિમંદિરનો પાટોત્સવ (તા : ૨૨-૫-૨૦૨૧),,,
5/23/2024 0:00,Vaishakh,વૈશાખ,Sud,સુદ,Punam,પૂનમ,,બુદ્ધ પૂર્ણિમા,,,
5/23/2024 0:00,,,,,,,"Bhramswaroop Yogiji Maharaj no Pragatya Din (Dhari, date: May 23, 1892)","બ્રહ્મસ્વરૂપ યોગીજીમહારાજનો પ્રાગટ્યદિન (ધારી, તા. C૮૫૨૩-૦૫-૧૮૯૧)",,,
5/23/2024 0:00,,,,,,,"Bhramswaroop Hariprasadswamiji Maharajn o Pragatya Din (Asoj, date: May 23, 1934)","બ્રહ્મસ્વરૂપ હરિપ્રસાદસ્વામીજી મહારાજનો પ્રાગટ્યદિન (આસોજ, તા. ૨૩-૦૫-૧૯૩૪)",,,
5/24/2024 0:00,Vaishakh,વૈશાખ,Vad,વદ,Padvo,પડવો,,,,,
5/25/2024 0:00,Vaishakh,વૈશાખ,Vad,વદ,Beej,બીજ,,,,,
5/26/2024 0:00,Vaishakh,વૈશાખ,Vad,વદ,Treej,ત્રીજ,,,,,
5/27/2024 0:00,Vaishakh,વૈશાખ,Vad,વદ,Choth,ચોથ,,,,,
5/28/2024 0:00,Vaishakh,વૈશાખ,Vad,વદ,Pancham,પંચમ,,,,,
5/29/2024 0:00,Vaishakh,વૈશાખ,Vad,વદ,Chhath,છઠ,,,,,
5/30/2024 0:00,Vaishakh,વૈશાખ,Vad,વદ,Satam,સાતમ,,,,,
5/31/2024 0:00,Vaishakh,વૈશાખ,Vad,વદ,Atham,આઠમ,,,,,
6/1/2024 0:00,Vaishakh,વૈશાખ,Vad,વદ,Dasham,દશમ,,,,,
6/2/2024 0:00,Vaishakh,વૈશાખ,Vad,વદ,Agiyaras,અગિયારસ,,,,,
6/3/2024 0:00,Vaishakh,વૈશાખ,Vad,વદ,Ekadashi,એકાદશી,Apara Ekadashi,અપરા એકાદશી,"In the Brahmanda Purana, Lord Krishna explains to King Yudhishthira about the Apara Ekadasi significance. Observing fast on Apara Ekadasi makes a devotee gain name and fame besides all sins being obliterated by the grace of the Divine Lord Vishnu.",,https://app.haridham.us/appassets/ekadashi.jpg
6/4/2024 0:00,Vaishakh,વૈશાખ,Vad,વદ,Baras,બારસ,,"બ્રહ્મસ્વરૂપ યોગીજીમહારાજની પ્રાગટ્યતિથિ (ધારી, વિ. સં. ૧૯૪૮)",,,
6/5/2024 0:00,Vaishakh,વૈશાખ,Vad,વદ,Chaudas,ચૌદસ,,,,,
6/6/2024 0:00,Vaishakh,વૈશાખ,Vad,વદ,Amas,અમાસ,,"વટસાવિત્રી વ્રત પૂર્ણ (ઉ.પ્ર. રાજસ્થાન, પંજાબ)",,,
6/7/2024 0:00,Jeth,જેઠ,Sud,સુદ,Padvo,પડવો,,,,,
6/8/2024 0:00,Jeth,જેઠ,Sud,સુદ,Beej,બીજ,,,,,
6/9/2024 0:00,Jeth,જેઠ,Sud,સુદ,Treej,ત્રીજ,,,,,
6/10/2024 0:00,Jeth,જેઠ,Sud,સુદ,Choth,ચોથ,,,,,
6/11/2024 0:00,Jeth,જેઠ,Sud,સુદ,Pancham,પંચમ,,,,,
6/12/2024 0:00,Jeth,જેઠ,Sud,સુદ,Chhath,છઠ,,,,,
6/12/2024 0:00,,,,,,,"Bhramswaroop Kakaji no Pragatya Din (Nadiyad, date: June 12, 1918)","ભગવત્સ્વરૂપ પ.પૂ. કાકાશ્રીનો પ્રાગટ્યદિન (નડિયાદ, તા.૧૨-૦૬-૧૯૧૮)",,,
6/12/2024 0:00,,,,,,,Manavadar Hari Mandir no Patotsav,બ્રહ્મસ્વરૂપ યોગીજીમહારાજના વરદ્ હસ્તે પ્રતિષ્ઠિત માણાવદર હરિમંદિરનો પાટોત્સવ (તા : ૧૨-૬-૧૯૬૪),Inaugurated by Bhramswaroop Yogiji Maharaj,,
6/13/2024 0:00,Jeth,જેઠ,Sud,સુદ,Satam,સાતમ,,,,,
6/14/2024 0:00,Jeth,જેઠ,Sud,સુદ,Atham,આઠમ,,,,,
6/15/2024 0:00,Jeth,જેઠ,Sud,સુદ,Nom,નોમ,,,,,
6/16/2024 0:00,Jeth,જેઠ,Sud,સુદ,Dasham,દશમ,,"ભગવાન શ્રી સ્વામિનારાયણ સ્વધામગમનિતિથિ (ગઢડા, જિ. બોટાદ, સં. ૧૮૮૬)",,,
6/17/2024 0:00,Jeth,જેઠ,Sud,સુદ,Agiyaras,અગિયારસ,,,,,
6/18/2024 0:00,Jeth,જેઠ,Sud,સુદ,Ekadashi,એકાદશી,,"ભીમ એકાદશી, નિર્જલ ઉપવાસ",,,https://app.haridham.us/appassets/ekadashi.jpg
6/18/2024 0:00,Jeth,જેઠ,Sud,સુદ,Ekadashi,એકાદશી,,"હરિઆગમનિતિથિ (સોખડા, જુનું મંદિર, તા. ૩૦-૫-૧૯૬૬)",,,https://app.haridham.us/appassets/ekadashi.jpg
6/19/2024 0:00,Jeth,જેઠ,Sud,સુદ,Baras,બારસ,,"વટસાવિત્રી વ્રત પ્રારંભ (ગુજરાત, મહારાષ્ટ્ર)",,,
6/20/2024 0:00,Jeth,જેઠ,Sud,સુદ,Teras,તેરસ,,,,,
6/21/2024 0:00,Jeth,જેઠ,Sud,સુદ,Punam,પૂનમ,,પૂનમ,,,
6/22/2024 0:00,Jeth,જેઠ,Vad,વદ,Padvo,પડવો,,,,,
6/23/2024 0:00,Jeth,જેઠ,Vad,વદ,Beej,બીજ,,,,,
6/24/2024 0:00,Jeth,જેઠ,Vad,વદ,Treej,ત્રીજ,,,,,
6/25/2024 0:00,Jeth,જેઠ,Vad,વદ,Choth,ચોથ,,,,,
6/26/2024 0:00,Jeth,જેઠ,Vad,વદ,Pancham,પંચમ,,,,,
6/27/2024 0:00,Jeth,જેઠ,Vad,વદ,Chhath,છઠ,,,,,
6/28/2024 0:00,Jeth,જેઠ,Vad,વદ,Satam,સાતમ,,,,,
6/29/2024 0:00,Jeth,જેઠ,Vad,વદ,Atham,આઠમ,,,,,
6/30/2024 0:00,Jeth,જેઠ,Vad,વદ,Nom,નોમ,,,,,
7/1/2024 0:00,Jeth,જેઠ,Vad,વદ,Dasham,દશમ,,,,,
7/2/2024 0:00,Jeth,જેઠ,Vad,વદ,Ekadashi,એકાદશી,,યોગિની એકાદશી,,,https://app.haridham.us/appassets/ekadashi.jpg
7/3/2024 0:00,Jeth,જેઠ,Vad,વદ,Teras,તેરસ,,,,,
7/4/2024 0:00,Jeth,જેઠ,Vad,વદ,Chaudas,ચૌદસ,,,,,
7/5/2024 0:00,Jeth,જેઠ,Vad,વદ,Amas,અમાસ,,,,,
7/6/2024 0:00,Ashadha,અષાડ,Sud,સુદ,Padvo,પડવો,,હાલારી- કચ્છી નૂતનવર્ષ પ્રારંભ (આ.સં. ૨૦૮૦ પ્રારંભ),,,
7/7/2024 0:00,Ashadha,અષાડ,Sud,સુદ,Beej,બીજ,,"અષાઢી બીજ, રથયાત્રા",,,
7/8/2024 0:00,Ashadha,અષાડ,Sud,સુદ,Treej,ત્રીજ,,,,,
7/9/2024 0:00,Ashadha,અષાડ,Sud,સુદ,Treej,ત્રીજ,,,,,
7/10/2024 0:00,Ashadha,અષાડ,Sud,સુદ,Choth,ચોથ,,,,,
7/11/2024 0:00,Ashadha,અષાડ,Sud,સુદ,Pancham,પંચમ,,,,,
7/12/2024 0:00,Ashadha,અષાડ,Sud,સુદ,Chhath,છઠ,,,,,
7/13/2024 0:00,Ashadha,અષાડ,Sud,સુદ,Satam,સાતમ,,,,,
7/14/2024 0:00,Ashadha,અષાડ,Sud,સુદ,Atham,આઠમ,,,,,
7/15/2024 0:00,Ashadha,અષાડ,Sud,સુદ,Nom,નોમ,,શ્રીહરિ નવમી,,,
7/16/2024 0:00,Ashadha,અષાડ,Sud,સુદ,Dasham,દશમ,,શ્રીહરિ વનવિચરણમાં પધાર્યા (સં. ૧૮૪૮),,,
7/17/2024 0:00,Ashadha,અષાડ,Sud,સુદ,Ekadashi,એકાદશી,Devshayani Ekadashi,"દેવશયની એકાદશી, નિયમી એકાદશી","The story of King Mandata is narrated in this context. The pious king's country had faced drought for three years, but the king was unable to find a solution to please the rain gods. Eventually, sage Angiras advised the king to observe the vrata (vow) of Devashayani Ekadashi.",,https://app.haridham.us/appassets/ekadashi.jpg
7/17/2024 0:00,Ashadha,અષાડ,Sud,સુદ,Ekadashi,એકાદશી,,ચાતુર્માસ પ્રારંભ,,,https://app.haridham.us/appassets/ekadashi.jpg
7/18/2024 0:00,Ashadha,અષાડ,Sud,સુદ,Baras,બારસ,,,,,
7/19/2024 0:00,Ashadha,અષાડ,Sud,સુદ,Teras,તેરસ,,ગૌરીવ્રત (જયાપાવર્તી) પ્રારંભ,,,
7/20/2024 0:00,Ashadha,અષાડ,Sud,સુદ,Chaudas,ચૌદસ,,,,,
7/21/2024 0:00,Ashadha,અષાડ,Sud,સુદ,Punam,પૂનમ,,ગુરુપૂર્ણિમા,,,
7/21/2024 0:00,Ashadha,અષાડ,Sud,સુદ,Punam,પૂનમ,,શ્રી વ્યાસ જયંતી,,,
7/22/2024 0:00,Ashadha,અષાડ,Vad,વદ,Padvo,પડવો,,હિંડોળા ઉત્સવ પ્રારંભ,,,
7/23/2024 0:00,Ashadha,અષાડ,Vad,વદ,Beej,બીજ,,"ગૌરીવ્રત (જયાપાવર્તી) સમાપ્તિ, જાગરણ",,,
7/24/2024 0:00,Ashadha,અષાડ,Vad,વદ,Choth,ચોથ,,,,,
7/25/2024 0:00,Ashadha,અષાડ,Vad,વદ,Pancham,પંચમ,,,,,
7/26/2024 0:00,Ashadha,અષાડ,Vad,વદ,Chhath,છઠ,,,,,
7/26/2024 0:00,,,,,,,"Bhramswaroop Hariprasadswamiji Maharaj no Swadham Gaman Din (date: July 26, 2021)",બ્રહ્મસ્વરૂપ હરિપ્રસાદસ્વામીજી સ્વધામગમનદિન (તા. ૨૬-૭-૨૦૨૧),,,
7/27/2024 0:00,Ashadha,અષાડ,Vad,વદ,Satam,સાતમ,,,,,
7/28/2024 0:00,Ashadha,અષાડ,Vad,વદ,Atham,આઠમ,,,,,
7/29/2024 0:00,Ashadha,અષાડ,Vad,વદ,Nom,નોમ,,,,,
7/30/2024 0:00,Ashadha,અષાડ,Vad,વદ,Dasham,દશમ,,,,,
7/31/2024 0:00,Ashadha,અષાડ,Vad,વદ,Ekadashi,એકાદશી,Kamika Ekadashi,કામિકા એકાદશી,"Observing the Kamika Ekadashi Vrat is equivalent to taking bath in holy River Ganga and other holy rivers, visiting Kashi(Varanasi) and performing Yajnas. It is a day to worship God and garner His blessings. When Kamika Ekadashi is followed meticulously, the devotee is blessed with peace, prosperity and fulfilment of wishes.",,https://app.haridham.us/appassets/ekadashi.jpg
8/1/2024 0:00,Ashadha,અષાડ,Vad,વદ,Baras,બારસ,,,,,
8/2/2024 0:00,Ashadha,અષાડ,Vad,વદ,Teras,તેરસ,,,,,
8/3/2024 0:00,Ashadha,અષાડ,Vad,વદ,Chaudas,ચૌદસ,,,,,
8/4/2024 0:00,Ashadha,અષાડ,Vad,વદ,Amas,અમાસ,,"હરિયાળી અમાસ, દિવાસો",,,
8/4/2024 0:00,Ashadha,અષાડ,Vad,વદ,Amas,અમાસ,,એવ્રતજીવ્રત,,,
8/5/2024 0:00,Shravan,શ્રાવણ,Sud,સુદ,Padvo,પડવો,,શિવપૂજન પ્રારંભ,,,
8/6/2024 0:00,Shravan,શ્રાવણ,Sud,સુદ,Beej,બીજ,,,,,
8/7/2024 0:00,Shravan,શ્રાવણ,Sud,સુદ,Treej,ત્રીજ,,,,,
8/8/2024 0:00,Shravan,શ્રાવણ,Sud,સુદ,Choth,ચોથ,,,,,
8/9/2024 0:00,Shravan,શ્રાવણ,Sud,સુદ,Pancham,પંચમ,,"અ.મ.મુ. શ્રી કૃષ્ણજી અદાની પ્રાગટ્યતિથિ (પ્રાગટ્ય : મેવાસા, તા. ગોંડલ, સં. ૧૮૯૦)",,,
8/9/2024 0:00,Shravan,શ્રાવણ,Sud,સુદ,Pancham,પંચમ,,નાગપંચમી (દક્ષિણ ગુજરાત),,,
8/10/2024 0:00,Shravan,શ્રાવણ,Sud,સુદ,Chhath,છઠ,,રાંધણછઠ (દક્ષિણ ગુજરાત),,,
8/11/2024 0:00,Shravan,શ્રાવણ,Sud,સુદ,Satam,સાતમ,Shital Satam (Dakshin Gujarat),શીતળાસાતમ (દક્ષિણ ગુજરાત),,,
8/12/2024 0:00,Shravan,શ્રાવણ,Sud,સુદ,Satam,સાતમ,Shital Satam (Dakshin Gujarat),શીતળાસાતમ (દક્ષિણ ગુજરાત),,,
8/13/2024 0:00,Shravan,શ્રાવણ,Sud,સુદ,Atham,આઠમ,,,,,
8/14/2024 0:00,Shravan,શ્રાવણ,Sud,સુદ,Nom,નોમ,,શ્રીહરિ નવમી,,,
8/15/2024 0:00,Shravan,શ્રાવણ,Sud,સુદ,Dasham,દશમ,,,,,
8/15/2024 0:00,,,,,,,India Independence Day,સ્વાતંત્રય દિન,,,
8/16/2024 0:00,Shravan,શ્રાવણ,Sud,સુદ,Ekadashi,એકાદશી,"Pavitra Ekadashi, Shri Thakorji ne Pavitra Dharavanu","પવિત્રા એકાદશી, શ્રી ઠાકોરજીને પવિત્રાં ધરાવવાં",,,https://app.haridham.us/appassets/ekadashi.jpg
8/17/2024 0:00,Shravan,શ્રાવણ,Sud,સુદ,Teras,તેરસ,,,,,
8/18/2024 0:00,Shravan,શ્રાવણ,Sud,સુદ,Chaudas,ચૌદસ,,,,,
8/19/2024 0:00,Shravan,શ્રાવણ,Sud,સુદ,Punam,પૂનમ,"Punam, Balev","પૂનમ, બળેવ,",,,
8/19/2024 0:00,Shravan,શ્રાવણ,Sud,સુદ,Punam,પૂનમ,Rakshabandhan,રક્ષાબંધન,,,
8/20/2024 0:00,Shravan,શ્રાવણ,Vad,વદ,Padvo,પડવો,,,,,
8/21/2024 0:00,Shravan,શ્રાવણ,Vad,વદ,Beej,બીજ,Hindola Samapth,હિંડોળા સમાપ્ત,,,
8/22/2024 0:00,Shravan,શ્રાવણ,Vad,વદ,Treej,ત્રીજ,,,,,
8/23/2024 0:00,Shravan,શ્રાવણ,Vad,વદ,Choth,ચોથ,,,,,
8/24/2024 0:00,Shravan,શ્રાવણ,Vad,વદ,Pancham,પંચમ,,,,,
8/25/2024 0:00,Shravan,શ્રાવણ,Vad,વદ,Satam,સાતમ,,,,,
8/26/2024 0:00,Shravan,શ્રાવણ,Vad,વદ,Atham,આઠમ,"Janmasthami, Bhagwan Shri Krushna Pragatyotsav, Nandlala ne Paranu Jhulava","જન્માષ્ટમી, ભગવાન શ્રીકૃષ્ણનો પ્રાગટ્યોત્સવ, નંદલાલાને પારણે ઝુલાવવા.",,,
8/26/2024 0:00,Shravan,શ્રાવણ,Vad,વદ,Atham,આઠમ,Sadguru Shri Ramanand Swami Pragatyadin (Ayodhya; Samvat 1795),"સદ્. શ્રી રામાનંદસ્વામીનો પ્રાગટ્યદિન (પ્રાગટ્ય : અયોધ્યા, સં. ૧૭૯૫)",,,
8/27/2024 0:00,Shravan,શ્રાવણ,Vad,વદ,Nom,નોમ,Nand Mahotsav,નંદ મહોત્સવ,,,
8/27/2024 0:00,Shravan,શ્રાવણ,Vad,વદ,Nom,નોમ,Janmashtami nu Paranu,જન્માષ્ટમીનાં પારણાં,,,
8/28/2024 0:00,Shravan,શ્રાવણ,Vad,વદ,Dasham,દશમ,,,,,
8/29/2024 0:00,Shravan,શ્રાવણ,Vad,વદ,Ekadashi,એકાદશી,Aja Ekadashi,અજા એકાદશી,,,https://app.haridham.us/appassets/ekadashi.jpg
8/30/2024 0:00,Shravan,શ્રાવણ,Vad,વદ,Baras,બારસ,,,,,
8/31/2024 0:00,Shravan,શ્રાવણ,Vad,વદ,Teras,તેરસ,,,,,
9/1/2024 0:00,Shravan,શ્રાવણ,Vad,વદ,Chaudas,ચૌદસ,,,,,
9/1/2024 0:00,,,,,,,"Bhramswaroop Papaji no Pragatya Din (Karamsad, date: September 1, 1916)","ભગવત્સ્વરૂપ પ.પૂ. પપ્પાજીનો પ્રાગટ્યદિન (કરમસદ, તા.૦૧-૦૯-૧૯૧૬)",,,
9/2/2024 0:00,Shravan,શ્રાવણ,Vad,વદ,Amas,અમાસ,Pithori Amas,પિઠોરી અમાસ,,,
9/2/2024 0:00,Shravan,શ્રાવણ,Vad,વદ,Amas,અમાસ,Kusagrahini Amas,કુશગ્રાહિણી અમાસ,,,
9/2/2024 0:00,Shravan,શ્રાવણ,Vad,વદ,Amas,અમાસ,Shiv Pooja Samapth,શિવપૂજ સમાપ્ત,,,
9/3/2024 0:00,Shravan,શ્રાવણ,Vad,વદ,Amas,અમાસ,Pithori Amas,પિઠોરી અમાસ,,,
9/3/2024 0:00,Shravan,શ્રાવણ,Vad,વદ,Amas,અમાસ,Kusagrahini Amas,કુશગ્રાહિણી અમાસ,,,
9/3/2024 0:00,Shravan,શ્રાવણ,Vad,વદ,Amas,અમાસ,Shiv Pooja Samapth,શિવપૂજ સમાપ્ત,,,
9/4/2024 0:00,Bhadarvo,ભાદરવો,Sud,સુદ,Padvo,પડવો,,,,,
9/5/2024 0:00,Bhadarvo,ભાદરવો,Sud,સુદ,Beej,બીજ,,,,,
9/6/2024 0:00,Bhadarvo,ભાદરવો,Sud,સુદ,Treej,ત્રીજ,Kevad Treej,કેવડાત્રીજ,Married and unmarried women observe a fast on the day and offer Kewda flower to Goddess Parvati and Lord Shiva.,,
9/6/2024 0:00,Bhadarvo,ભાદરવો,Sud,સુદ,Treej,ત્રીજ,Sam Shravani (Santo ane Ambrisho Janoi Badalavi),સામશ્રાવણી (સંતો અને અંબરીષોએ જનોઈ બદલવી.),,,
9/7/2024 0:00,Bhadarvo,ભાદરવો,Sud,સુદ,Choth,ચોથ,"Shri Ganesh Chaturthi, Shri Ganesh Staphana","શ્રી ગણેશચતુર્થી, શ્રી ગણેશ સ્થાપન",,,
9/8/2024 0:00,Bhadarvo,ભાદરવો,Sud,સુદ,Pancham,પંચમ,,"ઋષિપાંચમ, સામાપાંચમ",,,
9/9/2024 0:00,Bhadarvo,ભાદરવો,Sud,સુદ,Chhath,છઠ,,,,,
9/10/2024 0:00,Bhadarvo,ભાદરવો,Sud,સુદ,Satam,સાતમ,,,,,
9/11/2024 0:00,Bhadarvo,ભાદરવો,Sud,સુદ,Atham,આઠમ,,ધરોઆઠમ,,,
9/12/2024 0:00,Bhadarvo,ભાદરવો,Sud,સુદ,Nom,નોમ,,શ્રીહરિ નવમી,,,
9/13/2024 0:00,Bhadarvo,ભાદરવો,Sud,સુદ,Dasham,દશમ,,,,,
9/14/2024 0:00,Bhadarvo,ભાદરવો,Sud,સુદ,Ekadashi,એકાદશી,"Jal Jhilini Ekadashi, Parivartni Ekadashi","જળઝીલણી એકાદશી, પરિવર્તિની એકાદશી","During Chaturmaas, the four months of the monsoon season, Vishnu Bhagwan slept in Bali Raja’s kingdom in Sutal. On Bhadra Sud 11, he turned onto his side, moving from a supine position. This turning is known as Parivartan.",,https://app.haridham.us/appassets/ekadashi.jpg
9/14/2024 0:00,Bhadarvo,ભાદરવો,Sud,સુદ,Ekadashi,એકાદશી,Vaman Jayanti (Vaman Dvadasi),વામન જયંતી (વામન દ્વાદશી),"Vamanadeva is Lord Krishna's avatar (incarnation) as a dwarf brahmana during a period of intense conflict between the appointed directors of the universe (devas, or ""demigods"") and asuras (""demons""). The Srimad-Bhagavatam tells how the asuras had violently assumed control and sent the demigods into hiding. As a trick to return the demigods their administrative posts, Vamanadeva begged three paces of land in charity from the leader of the asuras, Bali Maharaja. When Bali granted His request, Lord Vamana assumed such a gigantic form that with two steps He covered the earth and then the entire universe. For the third step, Bali Maharaja was then pleased to receive the Lord's lotus foot on his head.",,https://app.haridham.us/appassets/ekadashi.jpg
9/15/2024 0:00,Bhadarvo,ભાદરવો,Sud,સુદ,Baras,બારસ,,,,,
9/16/2024 0:00,Bhadarvo,ભાદરવો,Sud,સુદ,Teras,તેરસ,,,,,
9/17/2024 0:00,Bhadarvo,ભાદરવો,Sud,સુદ,Chaudas,ચૌદસ,"Anant Chaturdashi, Ganpati Visarjana","અનંત ચતુર્દશી, ગણપિત વિસજર્ન","According to the Agni Purana, the Ananta (Shesha; the divine serpent) manifestation of Vishnu is venerated on this occasion to free adherents from sins.",,
9/18/2024 0:00,Bhadarvo,ભાદરવો,Sud,સુદ,Punam,પૂનમ,Shradh Prarambh,શ્રાદ્ધ પ્રારંભ,,,
9/19/2024 0:00,Bhadarvo,ભાદરવો,Vad,વદ,Beej,બીજ,Bhramswaroop Hariprasad Swamiji nu Smruti Parva,બ્રહ્મસ્વરૂપ હરિપ્રસાદસ્વામીજીનું સ્મૃતિપર્વ,Bhramswaroop Hariprasad Swamiji no Smruti Parva,બ્રહ્મસ્વરૂપ હરિપ્રસાદસ્વામીજીનું સ્મૃતિપર્વ,
9/20/2024 0:00,Bhadarvo,ભાદરવો,Vad,વદ,Treej,ત્રીજ,Bhramswaroop Shashtriji Maharaj nu Smruti Parva,બ્રહ્મસ્વરૂપ શાસ્ત્રીજીમહારાજનું સ્મૃતિપર્વ,,,
9/20/2024 0:00,Bhadarvo,ભાદરવો,Vad,વદ,Treej,ત્રીજ,Shri Dharmadev nu Smruti Parva,શ્રી ધર્મદેવનું સ્મૃતિપર્વ,,,
9/20/2024 0:00,Bhadarvo,ભાદરવો,Vad,વદ,Treej,ત્રીજ,Shri Gandhi Jayanti,શ્રી ગાંધી જયંતી,,,
9/21/2024 0:00,Bhadarvo,ભાદરવો,Vad,વદ,Choth,ચોથ,,,,,
9/22/2024 0:00,Bhadarvo,ભાદરવો,Vad,વદ,Pancham,પંચમ,,,,,
9/23/2024 0:00,Bhadarvo,ભાદરવો,Vad,વદ,Chhath,છઠ,,,,,
9/24/2024 0:00,Bhadarvo,ભાદરવો,Vad,વદ,Satam,સાતમ,,,,,
9/25/2024 0:00,Bhadarvo,ભાદરવો,Vad,વદ,Atham,આઠમ,Shri Bhaktimata nu Smruti Parva,શ્રી ભક્તિમાતાનું સ્મૃતિપર્વ,,,
9/26/2024 0:00,Bhadarvo,ભાદરવો,Vad,વદ,Nom,નોમ,Bhagwan Shri Swaminarayan nu Smruti Parva,ભગવાન શ્રી સ્વામિનારાયણનું સ્મૃતિપર્વ,,,
9/26/2024 0:00,Bhadarvo,ભાદરવો,Vad,વદ,Nom,નોમ,Shri Jagaswami nu Smruti Parva,શ્રી જાગાસ્વામીનું સ્મૃતિપર્વ,,,
9/27/2024 0:00,Bhadarvo,ભાદરવો,Vad,વદ,Dasham,દશમ,Shri Krushnaji Ada nu Smruti Parva,શ્રી કૃષ્ણજી અદાનું સ્મૃતિપર્વ,,,
9/27/2024 0:00,Bhadarvo,ભાદરવો,Vad,વદ,Dasham,દશમ,Bhramswaroop Yogiji Maharaj nu Smruti Parva,બ્રહ્મસ્વરૂપ યોગીજીમહારાજનું સ્મૃતિપર્વ,,,
9/27/2024 0:00,Bhadarvo,ભાદરવો,Vad,વદ,Dasham,દશમ,Bhagwatswaroop P.P. Kakaji nu Smruti Parva,ભગવત્સ્વરૂપ પ.પૂ. કાકાજીનું સ્મૃતિપર્વ,,,
9/28/2024 0:00,Bhadarvo,ભાદરવો,Vad,વદ,Ekadashi,એકાદશી,Indira Ekadashi,ઈન્દિરા એકાદશી,The primary aim behind observing an Indira Ekadashi fast and worshipping God is to seek forgiveness of all the past sins. This festival also holds immense significance as it helps in offering salvation to the deceased ancestors.,,https://app.haridham.us/appassets/ekadashi.jpg
9/29/2024 0:00,Bhadarvo,ભાદરવો,Vad,વદ,Baras,બારસ,Shri Gunatitanand Swami nu Smruti Parva,શ્રી ગુણાતીતાનંદસ્વામીનું સ્મૃતિપર્વ,,,
9/30/2024 0:00,Bhadarvo,ભાદરવો,Vad,વદ,Teras,તેરસ,Shri Bhagatji Maharaj nu Smruti Parva,શ્રી ભગતજીમહારાજનું સ્મૃતિપર્વ,,,
10/1/2024 0:00,Bhadarvo,ભાદરવો,Vad,વદ,Chaudas,ચૌદસ,,,,,
10/2/2024 0:00,Bhadarvo,ભાદરવો,Vad,વદ,Amas,અમાસ,"Chaudas, Poonam, Amas nu Smruti Parva",ચૌદશ-પૂનમ-અમાસનું સ્મૃતિપર્વ,,,
10/2/2024 0:00,Bhadarvo,ભાદરવો,Vad,વદ,Amas,અમાસ,Sarvpitra Smruti Parva,સર્વપિત્રી સ્મૃતિપર્વ,,,
10/3/2024 0:00,Aso,આસો,Sud,સુદ,Padvo,પડવો,Navratri Prarambh,નવરાત્રિ પ્રારંભ,,,
10/4/2024 0:00,Aso,આસો,Sud,સુદ,Beej,બીજ,,,,,
10/5/2024 0:00,Aso,આસો,Sud,સુદ,Treej,ત્રીજ,,,,,
10/6/2024 0:00,Aso,આસો,Sud,સુદ,Treej,ત્રીજ,,,,,
10/7/2024 0:00,Aso,આસો,Sud,સુદ,Choth,ચોથ,,,,,
10/8/2024 0:00,Aso,આસો,Sud,સુદ,Pancham,પંચમ,,શ્રી પંચમી,,,
10/8/2024 0:00,,,,,,,"Kandivali (Mumbai) Hari Mandir no Patotsav (date: October 8, 1988)","કાંદિવલી (મુંબઈ) હરિમંદિરનો પાટોત્સવ (તિથિ : દશેરા, તા. ૮-૧૦-૧૯૮૮)",,,
10/9/2024 0:00,Aso,આસો,Sud,સુદ,Chhath,છઠ,,,,,
10/10/2024 0:00,Aso,આસો,Sud,સુદ,Satam,સાતમ,,,,,
10/11/2024 0:00,Aso,આસો,Sud,સુદ,Nom,નોમ,Navratri Samapt; Shri Hari Navmi,"નવરાત્રિ સમાપ્ત, શ્રીહરિ નવમી",,,
10/12/2024 0:00,Aso,આસો,Sud,સુદ,Dasham,દશમ,"Dasera, Astra-Sastra nu Pujan","દશેરા, અસ્ત્રશસ્ત્રનું પૂજન",,,
10/12/2024 0:00,Aso,આસો,Sud,સુદ,Dasham,દશમ,"Bhramswaroop Hariprasad Swamiji, Guruhari Premswaroop Swamiji no Parsadi Dikshadin (Samvat 2020, October 5, 1965; Akshar Mandir Gondal)","બ્રહ્મસ્વરૂપ હરિપ્રસાદસ્વામીજી, ગુરુહરિ પ્રેમસ્વરૂપસ્વામીજીનો પાષર્દી દીક્ષાદિન (વિ.સં. ૨૦૨૦, તા.૦૫-૧૦-૧૯૬૫, અક્ષરમંદિર, ગોંડલ)",,,
10/13/2024 0:00,Aso,આસો,Sud,સુદ,Agiyaras,એકાદશી,Papankusha Ekadashi,પાશાંકુશા એકાદશી,"It is regarded as one of the most important Ekadashis as the devotees who observe this fast are blessed with worldly desires, wealth and good health.",,
10/14/2024 0:00,Aso,આસો,Sud,સુદ,Ekadashi,એકાદશી,,,,,https://app.haridham.us/appassets/ekadashi.jpg
10/15/2024 0:00,Aso,આસો,Sud,સુદ,Teras,તેરસ,,,,,
10/16/2024 0:00,Aso,આસો,Sud,સુદ,Punam,પૂનમ,Sharad Purnima,શરદ પૂર્ણિમા,,,
10/16/2024 0:00,Aso,આસો,Sud,સુદ,Punam,પૂનમ,Shri Gunatitanand Swami no Pragatya Din (Samvat 1923),"શ્રી ગુણાતીતાનંદસ્વામીનો પ્રાગટ્યદિન, (સં. ૧૮૪૧) (પ્રાગટ્ય : ભાદરા, જિ. જામનગર)",,,
10/16/2024 0:00,Aso,આસો,Sud,સુદ,Punam,પૂનમ,"Bhramswaroop Hariprasad Swamiji, Guruhari Premswaroop Swamiji no Bhagvati Dikshadin (Samvat 2020, October 10, 1965; Akshar Mandir Gondal)","બ્રહ્મસ્વરૂપ હરિપ્રસાદસ્વામીજી, ગુરુહરિ પ્રેમસ્વરૂપસ્વામીજીનો ભાગવતી દીક્ષાદિન, (દીક્ષા : તા.૧૦-૧૦-૧૯૬૫) (દીક્ષાસ્થાન : શ્રી અક્ષરમંદિર, ગોંડલ)",,,
10/16/2024 0:00,Aso,આસો,Sud,સુદ,Punam,પૂનમ,"Atmiyadham, Manjalpur Vadodara, Harimandir no Patotsav (Tithi: Sharad Purnima, 2016)","આત્મીયધામ, માંજલપુર (વડોદરા) હરિમંદિરનો પાટોત્સવ (તિથિ : શરદપૂર્ણિમા, ઈ.સ. ૨૦૧૬)",,,
10/16/2024 0:00,Aso,આસો,Sud,સુદ,Punam,પૂનમ,Chandragrahan,ચંદ્રગ્રહણ,,,
10/17/2024 0:00,Aso,આસો,Sud,સુદ,Punam,પૂનમ,Sharad Purnima,શરદ પૂર્ણિમા,,,
10/17/2024 0:00,Aso,આસો,Sud,સુદ,Punam,પૂનમ,Shri Gunatitanand Swami no Pragatya Din (Samvat 1923),"શ્રી ગુણાતીતાનંદસ્વામીનો પ્રાગટ્યદિન, (સં. ૧૮૪૧) (પ્રાગટ્ય : ભાદરા, જિ. જામનગર)",,,
10/17/2024 0:00,Aso,આસો,Sud,સુદ,Punam,પૂનમ,"Bhramswaroop Hariprasad Swamiji, Guruhari Premswaroop Swamiji no Bhagvati Dikshadin (Samvat 2020, October 10, 1965; Akshar Mandir Gondal)","બ્રહ્મસ્વરૂપ હરિપ્રસાદસ્વામીજી, ગુરુહરિ પ્રેમસ્વરૂપસ્વામીજીનો ભાગવતી દીક્ષાદિન, (દીક્ષા : તા.૧૦-૧૦-૧૯૬૫) (દીક્ષાસ્થાન : શ્રી અક્ષરમંદિર, ગોંડલ)",,,
10/17/2024 0:00,Aso,આસો,Sud,સુદ,Punam,પૂનમ,"Atmiyadham, Manjalpur Vadodara, Harimandir no Patotsav (Tithi: Sharad Purnima, 2016)","આત્મીયધામ, માંજલપુર (વડોદરા) હરિમંદિરનો પાટોત્સવ (તિથિ : શરદપૂર્ણિમા, ઈ.સ. ૨૦૧૬)",,,
10/17/2024 0:00,Aso,આસો,Sud,સુદ,Punam,પૂનમ,Chandragrahan,ચંદ્રગ્રહણ,,,
10/18/2024 0:00,Aso,આસો,Vad,વદ,Padvo,પડવો,,,,,
10/19/2024 0:00,Aso,આસો,Vad,વદ,Beej,બીજ,"Bhramswaroop Shri Jagaswami Pragatya Tithi (Ambaradi, Savarakundal; Samvat 1883)","બ્રહ્મસ્વરૂપ શ્રી જાગાસ્વામી પ્રાગટ્યતિથિ (પ્રાગટ્ય: આંબરડી, તા.સાવરકુંડલા, સં. ૧૮૮૩)",,,
10/20/2024 0:00,Aso,આસો,Vad,વદ,Treej,ત્રીજ,,,,,
10/21/2024 0:00,Aso,આસો,Vad,વદ,Pancham,પંચમ,,,,,
10/22/2024 0:00,Aso,આસો,Vad,વદ,Chhath,છઠ,,,,,
10/23/2024 0:00,Aso,આસો,Vad,વદ,Satam,સાતમ,,,,,
10/24/2024 0:00,Aso,આસો,Vad,વદ,Atham,આઠમ,,,,,
10/25/2024 0:00,Aso,આસો,Vad,વદ,Nom,નોમ,,,,,
10/26/2024 0:00,Aso,આસો,Vad,વદ,Dasham,દશમ,,,,,
10/27/2024 0:00,Aso,આસો,Vad,વદ,Agiyaras,એકાદશી,,,,,
10/28/2024 0:00,Aso,આસો,Vad,વદ,Ekadashi,એકાદશી,Rama Ekadashi,રમા એકાદશી,Rama Ekadashi Vrat is recognized as one of the most significant Ekadashi fasts which are observed in the Hindu religion as the devotees can get absolved from all their sins by keeping this fast religiously.,,https://app.haridham.us/appassets/ekadashi.jpg
10/29/2024 0:00,Aso,આસો,Vad,વદ,Teras,તેરસ,Dhan Teras,ધનતેરસ,"The latent sentiment is that this purifies our earnings and so that we may use it with 'vivek' (discrimination). It is said that wealth used for self is termed 'Dhan', that for others - 'Lakshmi', that for unethical purposes - 'alakshmi' (sinful) and that for God - 'Mahalakshmi.'",,
10/29/2024 0:00,Aso,આસો,Vad,વદ,Teras,તેરસ,Shri Dhanvantari Jayanti,શ્રી ધન્વંતરિ જયંતી,Dhanvantari is the physician of the devas in Hinduism. He is regarded as an avatar of Vishnu. He is mentioned in the Puranas as the god of Ayurveda.,,
10/30/2024 0:00,Aso,આસો,Vad,વદ,Chaudas,ચૌદસ,Kali Chaudash,કાળીચૌદશ,"This festival occurs on Aso vad 14, also known as 'Narak Chaturdashi' because Lord Krishna vanquished Narkaasur. Devotees pray and ofter pujan to Hanumanji to remove inauspiciousness and fear of evil spirits and beings.",,
10/30/2024 0:00,Aso,આસો,Vad,વદ,Chaudas,ચૌદસ,Shri Hanuman Pujan,શ્રી હનુમાન પૂજન,,,
10/31/2024 0:00,Aso,આસો,Vad,વદ,Amas,અમાસ,Diwali,દીવાળી,,,
10/31/2024 0:00,Aso,આસો,Vad,વદ,Amas,અમાસ,Sharda Puja,શ્રી શારદાપૂજન,"Sharda (Chopda) Puja is dedicated to Goddess Saraswati. Sharda is one of the names of Goddess Saraswati, the Hindu goddess of knowledge, wisdom and learning.",,
11/1/2024 0:00,Aso,આસો,Vad,વદ,Amas,અમાસ,Diwali,દીવાળી,,,
11/1/2024 0:00,Aso,આસો,Vad,વદ,Amas,અમાસ,Sharda Puja,શ્રી શારદાપૂજન,"Sharda (Chopda) Puja is dedicated to Goddess Saraswati. Sharda is one of the names of Goddess Saraswati, the Hindu goddess of knowledge, wisdom and learning.",,
11/2/2024 0:00,Kartak,કારતક,Sud,સુદ,Padvo,પડવો,Nutan Varsh Prarambh,"નૂતનવર્ષ પ્રારંભ, વિ.સં.૨૦૮૦",New Year. Vikram Samvant 2080,,
11/2/2024 0:00,Kartak,કારતક,Sud,સુદ,Padvo,પડવો,Shri Govardhan Pujan,શ્રી ગોવધર્નપૂજન,,,
11/2/2024 0:00,Kartak,કારતક,Sud,સુદ,Padvo,પડવો,Annakootsav,અન્નકૂટોત્સવ (શ્રી ઠાકોરજીને અન્નકૂટ ધરાવવો),,,
11/3/2024 0:00,Kartak,કારતક,Sud,સુદ,Beej,બીજ,,,,,
11/4/2024 0:00,Kartak,કારતક,Sud,સુદ,Treej,ત્રીજ,,,,,
11/5/2024 0:00,Kartak,કારતક,Sud,સુદ,Choth,ચોથ,,,,,
11/6/2024 0:00,Kartak,કારતક,Sud,સુદ,Pancham,પંચમ,,,,,
11/7/2024 0:00,Kartak,કારતક,Sud,સુદ,Chhath,છઠ,,,,,
11/8/2024 0:00,Kartak,કારતક,Sud,સુદ,Satam,સાતમ,,,,,
11/9/2024 0:00,Kartak,કારતક,Sud,સુદ,Atham,આઠમ,,,,,
11/10/2024 0:00,Kartak,કારતક,Sud,સુદ,Nom,નોમ,,,,,
11/11/2024 0:00,Kartak,કારતક,Sud,સુદ,Dasham,દશમ,,,,,
11/12/2024 0:00,Kartak,કારતક,Sud,સુદ,Ekadashi,એકાદશી,Chaturmas Samapta,ચાતુર્માસ સમાપ્ત,Chaturmas Samapta,,
11/12/2024 0:00,Kartak,કારતક,Sud,સુદ,Ekadashi,એકાદશી,"Dev Uthi Ekadashi, Prabodhini Ekadashi","દેવઊઠી એકાદશી, પ્રબોધિની એકાદશી","Dev Uthi Ekadashi, Prabodhini Ekadashi",,
11/12/2024 0:00,Kartak,કારતક,Sud,સુદ,Ekadashi,એકાદશી,Bhagwan Swaminarayan Diksha Din,"ભગવાન શ્રી સ્વામિનારાયણની દીક્ષાતિથિ (સં. ૧૮૫૭, પીપલાણા) તથા ધર્મધુરાધારણતિથિ (સં. ૧૮૫૮, જેતપુર)",Bhagwan Swaminarayan Diksha Din,,
11/12/2024 0:00,Kartak,કારતક,Sud,સુદ,Ekadashi,એકાદશી,Dharmadev Birth,"ધર્મદેવનો જન્મ (ઈટાર, સં. ૧૭૯૬)",Dharmadev Birth,,
11/12/2024 0:00,Kartak,કારતક,Sud,સુદ,Ekadashi,એકાદશી,Muktanand Swami ae pratham aarti kari,"સદ્‌. મુક્તાનંદસ્વામીએ પ્રથમ આરતી કરી (કાલવાણી, સં. ૧૮૫૯)",Muktanand Swami ae pratham aarti kari,,
11/12/2024 0:00,Kartak,કારતક,Sud,સુદ,Ekadashi,એકાદશી,Shri Hari ae Acharyasri ni sthapana kari,"શ્રીહરિએ આચાર્યશ્રીની સ્થાપના કરી (વડતાલ, સં ૧૮૮૨)",Shri Hari ae Acharyasri ni sthapana kari,,
11/12/2024 0:00,Kartak,કારતક,Sud,સુદ,Ekadashi,એકાદશી,Tulsivivah prarambh,તુલસીવિવાહ પ્રારંભ,Tulsivivah prarambh,,
11/13/2024 0:00,Kartak,કારતક,Sud,સુદ,Baras,બારસ,,,,,
11/13/2024 0:00,,,,,,,"Gunatit Jyot - Vidhyanaga Nutan Mandir no Patotsav (date: November 13, 2004)",ગુણાતીતજ્યોત-વિદ્યાનગર નૂતન મંદિરનો પાટોત્સવ (તિથિ : તા. ૧૩-૧૧-૨૦૦૪),,,
11/14/2024 0:00,Kartak,કારતક,Sud,સુદ,Chaudas,ચૌદસ,,,,,
11/15/2024 0:00,Kartak,કારતક,Sud,સુદ,Punam,પૂનમ,"Poonam, Dev Diwali","પૂનમ, દેવદિવાળી",,,
11/15/2024 0:00,Kartak,કારતક,Sud,સુદ,Punam,પૂનમ,Tulsivivah samapt,તુલસીવિવાહ સમાપ્ત,,,
11/15/2024 0:00,Kartak,કારતક,Sud,સુદ,Punam,પૂનમ,Bhaktimata no janam,"ભક્તિમાતાનો જન્મ (છપૈયા, સં. ૧૮૯૮)",,,
11/16/2024 0:00,Kartak,કારતક,Vad,વદ,Padvo,પડવો,,,,,
11/17/2024 0:00,Kartak,કારતક,Vad,વદ,Beej,બીજ,,,,,
11/18/2024 0:00,Kartak,કારતક,Vad,વદ,Treej,ત્રીજ,,,,,
11/19/2024 0:00,Kartak,કારતક,Vad,વદ,Choth,ચોથ,,,,,
11/20/2024 0:00,Kartak,કારતક,Vad,વદ,Pancham,પંચમ,Shri Shashtriji Maharaj no Dikshan Din,"શ્રી શાસ્ત્રીજીમહારાજ દિક્ષાતિથિ (વડતાલ, વિ.સં. ૧૯૩૯)",,,
11/21/2024 0:00,Kartak,કારતક,Vad,વદ,Chhath,છઠ,,,,,
11/21/2024 0:00,,,,,,,"Atmiya Vidhya Mandir no Patotsav (Kolibharthana, Kamarej, Surat) (date: November 21, 2010)","આત્મીય વિદ્યામંદિરનો પાટોત્સવ, કોળીભરથાણા (તા. કામરેજ, જિ. સુરત) (તિથિ : દેવદિવાળી,ઈ.સ. ૨૦૧૦)",,,
11/22/2024 0:00,Kartak,કારતક,Vad,વદ,Satam,સાતમ,,,,,
11/23/2024 0:00,Kartak,કારતક,Vad,વદ,Atham,આઠમ,,,,,
11/24/2024 0:00,Kartak,કારતક,Vad,વદ,Nom,નોમ,,,,,
11/25/2024 0:00,Kartak,કારતક,Vad,વદ,Dasham,દશમ,,,,,
11/26/2024 0:00,Kartak,કારતક,Vad,વદ,Ekadashi,એકાદશી,Utpatti Ekadashi,ઉત્ત્પત્તિ એકાદશી,"Utpatti Ekadashi commemorates the awakening of Lord Vishnu from his cosmic sleep (Yoga Nidra). Devotees believe that observing a fast on this day and participating in prayers can absolve sins, eliminate negative karma, and bring peace and prosperity into their lives. It is considered an auspicious time to seek divine blessings and connect with the spiritual realm.",,https://app.haridham.us/appassets/ekadashi.jpg
11/27/2024 0:00,Kartak,કારતક,Vad,વદ,Baras,બારસ,,,,,
11/28/2024 0:00,Kartak,કારતક,Vad,વદ,Teras,તેરસ,,,,,
11/29/2024 0:00,Kartak,કારતક,Vad,વદ,Teras,તેરસ,,,,,
11/30/2024 0:00,Kartak,કારતક,Vad,વદ,Amas,અમાસ,,,,,
11/30/2024 0:00,,,,,,,"Shri Nutan Gnyanyagna Deri no Patotsav, Gurubhakti Din (Haridham Mandir, Sokhada; date: November 30, 2003)","શ્રી નૂતન જ્ઞાનયજ્ઞ દેરીનો પાટોત્સવ, ગુરુભક્તિદિન (હરિધામ મંદિર, સોખડા) (તા : ૩૦-૧૧-૨૦૦૩)",,,
12/1/2024 0:00,Kartak,કારતક,Vad,વદ,Amas,અમાસ,,,,,
12/2/2024 0:00,Magshar,માગશર,Sud,સુદ,Padvo,પડવો,,,,,
12/3/2024 0:00,Magshar,માગશર,Sud,સુદ,Beej,બીજ,,,,,
12/4/2024 0:00,Magshar,માગશર,Sud,સુદ,Treej,ત્રીજ,,,,,
12/5/2024 0:00,Magshar,માગશર,Sud,સુદ,Choth,ચોથ,Shri Vachanamrut Jayanti,"શ્રી વચનામૃત જયંતી (વચનામૃત ઉદ્‌બોધનનો પ્રારંભ, માગશર સુદ ચોથ, સં. ૧૮૭૬, શુભસ્થાન : ગઢડા, જિ. બોટાદ)",,,
12/5/2024 0:00,Magshar,માગશર,Sud,સુદ,Choth,ચોથ,"Dhanumars, dhanarak, kamuratam parambha","ધનુમાર્સ, ધનારક, કમૂરતાં પ્રારંભ તા. ૧૬-૧૨-૨૦૨૩ થી તા. ૧૪-૧-૨૦૨૪ સુધી, વાસ્તુ, લટ, જનોઈ જેવાં શુભકાર્ય વર્જ્ય",,,
12/6/2024 0:00,Magshar,માગશર,Sud,સુદ,Pancham,પંચમ,,,,,
12/7/2024 0:00,Magshar,માગશર,Sud,સુદ,Chhath,છઠ,,,,,
12/8/2024 0:00,Magshar,માગશર,Sud,સુદ,Satam,સાતમ,,,,,
12/9/2024 0:00,Magshar,માગશર,Sud,સુદ,Nom,નોમ,,,,,
12/10/2024 0:00,Magshar,માગશર,Sud,સુદ,Dasham,દશમ,,,,,
12/11/2024 0:00,Magshar,માગશર,Sud,વદ,Ekadashi,એકાદશી,Moksada Ekadashi,મોક્ષદા એકાદશી,"Once, a saintly king called Vaikhanasa ruled in the city of Champaka. One night, the king had a dream, where he saw his forefathers being tormented in Naraka (Hell) who begged the king to liberate them. The king was highly anguished and related this nightmare to the Brahmins of his council the next day. He sought their advice as to how to free his ancestors from tortures of Naraka, and grant them moksha (salvation). The council advised the king to approach the omniscient saint, Parvata Muni (sage of the mountain). The sage meditated and found the reason for the hellish torture of the king's father. He stated that his father had committed the sin of not fulfilling his sexual duty to his wife while she was ovulating, choosing to visit a village instead. As a solution to rectify the situation, the sage suggested to the king to observe vrata (vow) of the Mokshada Ekadashi day. On Moksha Ekadashi, the king observed the vrata with a complete fast along with his wife, children, and relatives with full faith and devotion. The king's religious merit (obtained from the vrata) pleased the devas of Svarga, who carried the king's father to their heaven.",,https://app.haridham.us/appassets/ekadashi.jpg
12/11/2024 0:00,Magshar,માગશર,Sud,વદ,Ekadashi,એકાદશી,Shrimad Bhagwat Gita Jayanti,શ્રીમદ્‌ ભગવદ્‌ ગીતા જયંતી,,,https://app.haridham.us/appassets/ekadashi.jpg
12/12/2024 0:00,Magshar,માગશર,Sud,સુદ,Baras,બારસ,,,,,
12/13/2024 0:00,Magshar,માગશર,Sud,સુદ,Teras,તેરસ,Sadguru Ramanand Swami Swadham Gaman Tithi,"સદ્‌. રામાનંદસ્વામી સ્વધામગમનતિથિ (ફરેણી, સં. ૧૮૫૮)",,,
12/14/2024 0:00,Magshar,માગશર,Sud,સુદ,Chaudas,ચૌદસ,Shri Dattatreya Jayanti,શ્રી દત્તાત્રેય જયંતી,,,
12/14/2024 0:00,Magshar,માગશર,Sud,સુદ,Chaudas,ચૌદસ,Natal,નાતાલ,,,
12/15/2024 0:00,Magshar,માગશર,Sud,સુદ,Punam,પૂનમ,,,,,
12/16/2024 0:00,Magshar,માગશર,Vad,વદ,Padvo,પડવો,,,,,
12/17/2024 0:00,Magshar,માગશર,Vad,વદ,Beej,બીજ,,,,,
12/18/2024 0:00,Magshar,માગશર,Vad,વદ,Treej,ત્રીજ,,,,,
12/19/2024 0:00,Magshar,માગશર,Vad,વદ,Choth,ચોથ,,,,,
12/20/2024 0:00,Magshar,માગશર,Vad,વદ,Pancham,પંચમ,,,,,
12/21/2024 0:00,Magshar,માગશર,Vad,વદ,Chhath,છઠ,,,,,
12/22/2024 0:00,Magshar,માગશર,Vad,વદ,Satam,સાતમ,,,,,
12/23/2024 0:00,Magshar,માગશર,Vad,વદ,Atham,આઠમ,,,,,
12/24/2024 0:00,Magshar,માગશર,Vad,વદ,Nom,નોમ,,,,,
12/25/2024 0:00,Magshar,માગશર,Vad,વદ,Dasham,દશમ,,,,,
12/26/2024 0:00,Magshar,માગશર,Vad,વદ,Ekadashi,એકાદશી,,,,,https://app.haridham.us/appassets/ekadashi.jpg
12/27/2024 0:00,Magshar,માગશર,Vad,વદ,Baras,બારસ,,,,,
12/27/2024 0:00,,,,,,,"Guruhari Premswaroop Swamiji Maharaj no Pragatya Din (Dharmaj; date: December 27, 1945)","ગુરુહરિ પ્રેમસ્વરૂપસ્વામીજી મહારાજનો પ્રાગટ્યદિન (ધર્મજ, તા. ૨૭-૧૨-૧૯૪૫)",,,
12/28/2024 0:00,Magshar,માગશર,Vad,વદ,Teras,તેરસ,,,,,
12/28/2024 0:00,,,,,,,"Atmiya Vidhyadham, Bakrol (Vidhyanagar) Mandir no Patotsav (date: December 28, 2014)","આત્મીય વિદ્યાધામ, બાકરોલ (વિદ્યાનગર) મંદિરનો પાટોત્સવ (તા : ૨૮-૧૨-૨૦૧૪)",,,
12/29/2024 0:00,Magshar,માગશર,Vad,વદ,Chaudas,ચૌદસ,,,,,
12/29/2024 0:00,,,,,,,"Sankarda Nutan Mandir no Patotsav (date: December 29, 2018)",સાંકરદા નૂતન મંદિરનો પાટોત્સવ (તા : ૨૯-૧૨-૨૦૧૮),,,
12/30/2024 0:00,Magshar,માગશર,Vad,વદ,Amas,અમાસ,,,,,
12/31/2024 0:00,Posh,પોષ,Sud,સુદ,Padvo,પડવો,,,,,
12/31/2024 0:00,,,,,,,"Shri Swaminarayan Mahamantra Pradhan din (Faneni; date: December 31, 1801)","શ્રી ‘સ્વામિનારાયણ’ મહામંત્ર પ્રદાનદિન (ફરેણી, તા. ૩૧-૧૨-૧૮૦૧)",,,
1/1/2025 0:00,Posh,,Sud,,Bij,,,,,,
1/2/2025 0:00,Posh,,Sud,,Trij,,,,,,
1/3/2025 0:00,Posh,,Sud,,Choth,,,,,,
1/4/2025 0:00,Posh,,Sud,,Pancham,,,,,,
1/5/2025 0:00,Posh,,Sud,,Chhath,,,,,,
1/6/2025 0:00,Posh,,Sud,,Satam,,,,,,
1/7/2025 0:00,Posh,,Sud,,Atham,,,,,,
1/8/2025 0:00,Posh,,Sud,,Nom,,,,,,
1/9/2025 0:00,Posh,,Sud,,Dasham,,,,,,
1/10/2025 0:00,Posh,,Sud,,Ekadashi,,,,,,
1/11/2025 0:00,Posh,,Sud,,Baras,,,,,,
,,,,,Teras,,,,,,
1/12/2025 0:00,Posh,,Sud,,Chaudas,,,,,,
1/13/2025 0:00,Posh,,Sud,,Punam,,,,,,
1/14/2025 0:00,Posh,,Vad,,Padvo,,,,,,
1/15/2025 0:00,Posh,,Vad,,Bij,,,,,,
1/16/2025 0:00,Posh,,Vad,,Trij,,,,,,
1/17/2025 0:00,Posh,,Vad,,Choth,,,,,,
1/18/2025 0:00,Posh,,Vad,,Pancham,,,,,,
1/19/2025 0:00,Posh,,Vad,,Pancham,,,,,,
1/20/2025 0:00,Posh,,Vad,,Chhath,,,,,,
1/21/2025 0:00,Posh,,Vad,,Satam,,,,,,
1/22/2025 0:00,Posh,,Vad,,Atham,,,,,,
1/23/2025 0:00,Posh,,Vad,,Nom,,,,,,
1/24/2025 0:00,Posh,,Vad,,Dasham,,,,,,
1/25/2025 0:00,Posh,,Vad,,Ekadashi,,,,,,
1/26/2025 0:00,Posh,,Vad,,Baras,,,,,,
1/27/2025 0:00,Posh,,Vad,,Teras,,,,,,
1/28/2025 0:00,Posh,,Vad,,Chaudas,,,,,,
1/29/2025 0:00,Posh,,Vad,,Amas,,,,,,
1/30/2025 0:00,Maha,,Sud,,Padvo,,,,,,
1/31/2025 0:00,Maha,,Sud,,Bij,,,,,,
2/1/2025 0:00,Maha,,Sud,,Trij,,,,,,
2/2/2025 0:00,Maha,,Sud,,Choth,,,,,,
2/3/2025 0:00,Maha,,Sud,,Pancham,,,,,,
2/4/2025 0:00,Maha,,Sud,,Satam,,,,,,
2/5/2025 0:00,Maha,,Sud,,Atham,,,,,,
2/6/2025 0:00,Maha,,Sud,,Nom,,,,,,
2/7/2025 0:00,Maha,,Sud,,Dasham,,,,,,
2/8/2025 0:00,Maha,,Sud,,Ekadashi,,,,,,
2/9/2025 0:00,Maha,,Sud,,Baras,,,,,,
2/10/2025 0:00,Maha,,Sud,,Teras,,,,,,
2/11/2025 0:00,Maha,,Sud,,Chaudas,,,,,,
2/12/2025 0:00,Maha,,Sud,,Punam,,,,,,
2/13/2025 0:00,Maha,,Vad,,Padvo,,,,,,
2/14/2025 0:00,Maha,,Vad,,Bij,,,,,,
2/15/2025 0:00,Maha,,Vad,,Trij,,,,,,
2/16/2025 0:00,Maha,,Vad,,Choth,,,,,,
2/17/2025 0:00,Maha,,Vad,,Pancham,,,,,,
2/18/2025 0:00,Maha,,Vad,,Chhath,,,,,,
2/19/2025 0:00,Maha,,Vad,,Chhath,,,,,,
2/20/2025 0:00,Maha,,Vad,,Satam,,,,,,
2/21/2025 0:00,Maha,,Vad,,Atham,,,,,,
2/22/2025 0:00,Maha,,Vad,,Nom,,,,,,
2/23/2025 0:00,Maha,,Vad,,Dasham,,,,,,
2/24/2025 0:00,Maha,,Vad,,Ekadashi,,,,,,
2/25/2025 0:00,Maha,,Vad,,Baras,,,,,,
2/26/2025 0:00,Maha,,Vad,,Teras,,,,,,
2/27/2025 0:00,Maha,,Vad,,Chaudas,,,,,,
2/28/2025 0:00,Fagan,,Sud,,Padvo,,,,,,
3/1/2025 0:00,Fagan,,Sud,,Bij,,,,,,
3/2/2025 0:00,Fagan,,Sud,,Trij,,,,,,
3/3/2025 0:00,Fagan,,Sud,,Choth,,,,,,
3/4/2025 0:00,Fagan,,Sud,,Pancham,,,,,,
3/5/2025 0:00,Fagan,,Sud,,Chhath,,,,,,
3/6/2025 0:00,Fagan,,Sud,,Satam,,,,,,
3/7/2025 0:00,Fagan,,Sud,,Atham,,,,,,
3/8/2025 0:00,Fagan,,Sud,,Nom,,,,,,
3/9/2025 0:00,Fagan,,Sud,,Dasham,,,,,,
3/10/2025 0:00,Fagan,,Sud,,Ekadashi,,,,,,
3/11/2025 0:00,Fagan,,Sud,,Baras,,,,,,
3/12/2025 0:00,Fagan,,Sud,,Teras,,,,,,
3/13/2025 0:00,Fagan,,Sud,,Chaudas,,,,,,
,Fagan,,Sud,,Punam,,,,,,
3/14/2025 0:00,Fagan,,Sud,,Punam,,,,,,
3/15/2025 0:00,Fagan,,Vad,,Padvo,,,,,,
3/16/2025 0:00,Fagan,,Vad,,Bij,,,,,,
3/17/2025 0:00,Fagan,,Vad,,Trij,,,,,,
3/18/2025 0:00,Fagan,,Vad,,Choth,,,,,,
3/19/2025 0:00,Fagan,,Vad,,Pancham,,,,,,
3/20/2025 0:00,Fagan,,Vad,,Chhath,,,,,,
3/21/2025 0:00,Fagan,,Vad,,Satam,,,,,,
3/22/2025 0:00,Fagan,,Vad,,Atham,,,,,,
3/23/2025 0:00,Fagan,,Vad,,Nom,,,,,,
3/24/2025 0:00,Fagan,,Vad,,Dasham,,,,,,
3/25/2025 0:00,Fagan,,Vad,,Ekadashi,,,,,,
3/26/2025 0:00,Fagan,,Vad,,Ekadashi,,,,,,
3/27/2025 0:00,Fagan,,Vad,,Teras,,,,,,
3/28/2025 0:00,Fagan,,Vad,,Chaudas,,,,,,
3/29/2025 0:00,Fagan,,Vad,,Amas,,,,,,
3/30/2025 0:00,Chaitra,,Sud,,Padvo,,,,,,
3/31/2025 0:00,,,,,Bij,,,,,,
,,,,,Trij,,,,,,
4/1/2025 0:00,,,,,Choth,,,,,,
4/2/2025 0:00,,,,,Pancham,,,,,,
4/3/2025 0:00,,,,,Chhath,,,,,,
4/4/2025 0:00,,,,,Satam,,,,,,
4/5/2025 0:00,,,,,Atham,,,,,,
4/6/2025 0:00,,,,,Nom,,,,,,
4/7/2025 0:00,,,,,Dasham,,,,,,
4/8/2025 0:00,,,,,Ekadashi,,,,,,
4/9/2025 0:00,,,,,Baras,,,,,,
4/10/2025 0:00,,,,,Teras,,,,,,
4/11/2025 0:00,,,,,Chaudas,,,,,,
4/12/2025 0:00,,,,,Punam,,,,,,
4/13/2025 0:00,,,Vad,,Padvo,,,,,,
4/14/2025 0:00,,,,,Padvo,,,,,,
4/15/2025 0:00,,,,,Bij,,,,,,
4/16/2025 0:00,,,,,Trij,,,,,,
4/17/2025 0:00,,,,,Choth,,,,,,
4/18/2025 0:00,,,,,Pancham,,,,,,
4/19/2025 0:00,,,,,Chhath,,,,,,
4/20/2025 0:00,,,,,Satam,,,,,,
4/21/2025 0:00,,,,,Atham,,,,,,
4/22/2025 0:00,,,,,Nom,,,,,,
4/23/2025 0:00,,,,,Dasham,,,,,,
4/24/2025 0:00,,,,,Ekadashi,,,,,,
4/25/2025 0:00,,,,,Baras,,,,,,
4/26/2025 0:00,,,,,Teras,,,,,,
4/26/2025 0:00,,,,,Chaudas,,,,,,
4/27/2025 0:00,,,,,Amas,,,,,,
4/28/2025 0:00,,,Sud,,Padvo,,,,,,
4/29/2025 0:00,,,,,Bij,,,,,,
4/30/2025 0:00,,,,,Trij,,,,,,
5/1/2025 0:00,,,,,Choth,,,,,,
5/2/2025 0:00,,,,,Pancham,,,,,,
5/3/2025 0:00,,,,,Chhath,,,,,,
5/4/2025 0:00,,,,,Satam,,,,,,
5/5/2025 0:00,,,,,Atham,,,,,,
5/6/2025 0:00,,,,,Nom,,,,,,
5/7/2025 0:00,,,,,Dasham,,,,,,
5/8/2025 0:00,,,,,Ekadashi,,,,,,
5/9/2025 0:00,,,,,Baras,,,,,,
5/10/2025 0:00,,,,,Teras,,,,,,
5/11/2025 0:00,,,,,Chaudas,,,,,,
5/12/2025 0:00,,,,,Punam,,,,,,
5/13/2025 0:00,,,Vad,,Padvo,,,,,,
5/14/2025 0:00,,,,,Bij,,,,,,
5/15/2025 0:00,,,,,Trij,,,,,,
5/16/2025 0:00,,,,,Choth,,,,,,
5/17/2025 0:00,,,,,Pancham,,,,,,
5/18/2025 0:00,,,,,Chhath,,,,,,
5/19/2025 0:00,,,,,Chhath,,,,,,
5/19/2025 0:00,,,,,Satam,,,,,,
5/20/2025 0:00,,,,,Atham,,,,,,
5/21/2025 0:00,,,,,Nom,,,,,,
5/22/2025 0:00,,,,,Dasham,,,,,,
5/23/2025 0:00,,,,,Ekadashi,,,,,,
5/24/2025 0:00,,,,,Baras,,,,,,
5/25/2025 0:00,,,,,Teras,,,,,,
5/26/2025 0:00,,,,,Chaudas,,,,,,
5/27/2025 0:00,,,,,Amas,,,,,,
5/28/2025 0:00,,,,,Bij,,,,,,
5/29/2025 0:00,,,,,,,,,,,
5/30/2025 0:00,,,,,,,,,,,
5/31/2025 0:00,,,,,,,,,,,
6/1/2025 0:00,,,,,,,,,,,
6/2/2025 0:00,,,,,,,,,,,
6/3/2025 0:00,,,,,,,,,,,
6/4/2025 0:00,,,,,,,,,,,
6/5/2025 0:00,,,,,,,,,,,
6/6/2025 0:00,,,,,,,,,,,
6/7/2025 0:00,,,,,,,,,,,
6/8/2025 0:00,,,,,,,,,,,
6/9/2025 0:00,,,,,,,,,,,
6/10/2025 0:00,,,,,,,,,,,
6/11/2025 0:00,,,,,,,,,,,
6/12/2025 0:00,,,,,,,,,,,
6/13/2025 0:00,,,,,,,,,,,
6/14/2025 0:00,,,,,,,,,,,
6/15/2025 0:00,,,,,,,,,,,
6/16/2025 0:00,,,,,,,,,,,
6/17/2025 0:00,,,,,,,,,,,
6/18/2025 0:00,,,,,,,,,,,
6/19/2025 0:00,,,,,,,,,,,
6/20/2025 0:00,,,,,,,,,,,
6/21/2025 0:00,,,,,,,,,,,
6/22/2025 0:00,,,,,,,,,,,
6/23/2025 0:00,,,,,,,,,,,
6/24/2025 0:00,,,,,,,,,,,
6/25/2025 0:00,,,,,,,,,,,
6/26/2025 0:00,,,,,,,,,,,
6/27/2025 0:00,,,,,,,,,,,
6/28/2025 0:00,,,,,,,,,,,
6/29/2025 0:00,,,,,,,,,,,
6/30/2025 0:00,,,,,,,,,,,
7/1/2025 0:00,,,,,,,,,,,
7/2/2025 0:00,,,,,,,,,,,
7/3/2025 0:00,,,,,,,,,,,
7/4/2025 0:00,,,,,,,,,,,
7/5/2025 0:00,,,,,,,,,,,
7/6/2025 0:00,,,,,,,,,,,
7/7/2025 0:00,,,,,,,,,,,
7/8/2025 0:00,,,,,,,,,,,
7/9/2025 0:00,,,,,,,,,,,
7/10/2025 0:00,,,,,,,,,,,
7/11/2025 0:00,,,,,,,,,,,
7/12/2025 0:00,,,,,,,,,,,
7/13/2025 0:00,,,,,,,,,,,
7/14/2025 0:00,,,,,,,,,,,
7/15/2025 0:00,,,,,,,,,,,
7/16/2025 0:00,,,,,,,,,,,
7/17/2025 0:00,,,,,,,,,,,
7/18/2025 0:00,,,,,,,,,,,
7/19/2025 0:00,,,,,,,,,,,
7/20/2025 0:00,,,,,,,,,,,
7/21/2025 0:00,,,,,,,,,,,
7/22/2025 0:00,,,,,,,,,,,
7/23/2025 0:00,,,,,,,,,,,
7/24/2025 0:00,,,,,,,,,,,
7/25/2025 0:00,,,,,,,,,,,
7/26/2025 0:00,,,,,,,,,,,
7/27/2025 0:00,,,,,,,,,,,
7/28/2025 0:00,,,,,,,,,,,
7/29/2025 0:00,,,,,,,,,,,
7/30/2025 0:00,,,,,,,,,,,
7/31/2025 0:00,,,,,,,,,,,
8/1/2025 0:00,,,,,,,,,,,
8/2/2025 0:00,,,,,,,,,,,
8/3/2025 0:00,,,,,,,,,,,
8/4/2025 0:00,,,,,,,,,,,
8/5/2025 0:00,,,,,,,,,,,
8/6/2025 0:00,,,,,,,,,,,
8/7/2025 0:00,,,,,,,,,,,
8/8/2025 0:00,,,,,,,,,,,
8/9/2025 0:00,,,,,,,,,,,
8/10/2025 0:00,,,,,,,,,,,
8/11/2025 0:00,,,,,,,,,,,
8/12/2025 0:00,,,,,,,,,,,
8/13/2025 0:00,,,,,,,,,,,
8/14/2025 0:00,,,,,,,,,,,
8/15/2025 0:00,,,,,,,,,,,
8/16/2025 0:00,,,,,,,,,,,
8/17/2025 0:00,,,,,,,,,,,
8/18/2025 0:00,,,,,,,,,,,
8/19/2025 0:00,,,,,,,,,,,
8/20/2025 0:00,,,,,,,,,,,
8/21/2025 0:00,,,,,,,,,,,
8/22/2025 0:00,,,,,,,,,,,
8/23/2025 0:00,,,,,,,,,,,
8/24/2025 0:00,,,,,,,,,,,
8/25/2025 0:00,,,,,,,,,,,
8/26/2025 0:00,,,,,,,,,,,
8/27/2025 0:00,,,,,,,,,,,
8/28/2025 0:00,,,,,,,,,,,
8/29/2025 0:00,,,,,,,,,,,
8/30/2025 0:00,,,,,,,,,,,
8/31/2025 0:00,,,,,,,,,,,
9/1/2025 0:00,,,,,,,,,,,
9/2/2025 0:00,,,,,,,,,,,
9/3/2025 0:00,,,,,,,,,,,
9/4/2025 0:00,,,,,,,,,,,
9/5/2025 0:00,,,,,,,,,,,
9/6/2025 0:00,,,,,,,,,,,
9/7/2025 0:00,,,,,,,,,,,
9/8/2025 0:00,,,,,,,,,,,
9/9/2025 0:00,,,,,,,,,,,
9/10/2025 0:00,,,,,,,,,,,
9/11/2025 0:00,,,,,,,,,,,
9/12/2025 0:00,,,,,,,,,,,
9/13/2025 0:00,,,,,,,,,,,
9/14/2025 0:00,,,,,,,,,,,
9/15/2025 0:00,,,,,,,,,,,
9/16/2025 0:00,,,,,,,,,,,
9/17/2025 0:00,,,,,,,,,,,
9/18/2025 0:00,,,,,,,,,,,
9/19/2025 0:00,,,,,,,,,,,
9/20/2025 0:00,,,,,,,,,,,
9/21/2025 0:00,,,,,,,,,,,
9/22/2025 0:00,,,,,,,,,,,
9/23/2025 0:00,,,,,,,,,,,
9/24/2025 0:00,,,,,,,,,,,
9/25/2025 0:00,,,,,,,,,,,
9/26/2025 0:00,,,,,,,,,,,
9/27/2025 0:00,,,,,,,,,,,
9/28/2025 0:00,,,,,,,,,,,
9/29/2025 0:00,,,,,,,,,,,
9/30/2025 0:00,,,,,,,,,,,
10/1/2025 0:00,,,,,,,,,,,
10/2/2025 0:00,,,,,,,,,,,
10/3/2025 0:00,,,,,,,,,,,
10/4/2025 0:00,,,,,,,,,,,
10/5/2025 0:00,,,,,,,,,,,
10/6/2025 0:00,,,,,,,,,,,
10/7/2025 0:00,,,,,,,,,,,
10/8/2025 0:00,,,,,,,,,,,
10/9/2025 0:00,,,,,,,,,,,
10/10/2025 0:00,,,,,,,,,,,
10/11/2025 0:00,,,,,,,,,,,
10/12/2025 0:00,,,,,,,,,,,
10/13/2025 0:00,,,,,,,,,,,
10/14/2025 0:00,,,,,,,,,,,
10/15/2025 0:00,,,,,,,,,,,
10/16/2025 0:00,,,,,,,,,,,
10/17/2025 0:00,,,,,,,,,,,
10/18/2025 0:00,,,,,,,,,,,
10/19/2025 0:00,,,,,,,,,,,
10/20/2025 0:00,,,,,,,,,,,
10/21/2025 0:00,,,,,,,,,,,
10/22/2025 0:00,,,,,,,,,,,
10/23/2025 0:00,,,,,,,,,,,
10/24/2025 0:00,,,,,,,,,,,
10/25/2025 0:00,,,,,,,,,,,
10/26/2025 0:00,,,,,,,,,,,
10/27/2025 0:00,,,,,,,,,,,
10/28/2025 0:00,,,,,,,,,,,
10/29/2025 0:00,,,,,,,,,,,
10/30/2025 0:00,,,,,,,,,,,
10/31/2025 0:00,,,,,,,,,,,
11/1/2025 0:00,,,,,,,,,,,
11/2/2025 0:00,,,,,,,,,,,
11/3/2025 0:00,,,,,,,,,,,
11/4/2025 0:00,,,,,,,,,,,
11/5/2025 0:00,,,,,,,,,,,
11/6/2025 0:00,,,,,,,,,,,
11/7/2025 0:00,,,,,,,,,,,
11/8/2025 0:00,,,,,,,,,,,
11/9/2025 0:00,,,,,,,,,,,
11/10/2025 0:00,,,,,,,,,,,
11/11/2025 0:00,,,,,,,,,,,
11/12/2025 0:00,,,,,,,,,,,
11/13/2025 0:00,,,,,,,,,,,
11/14/2025 0:00,,,,,,,,,,,
11/15/2025 0:00,,,,,,,,,,,
11/16/2025 0:00,,,,,,,,,,,
11/17/2025 0:00,,,,,,,,,,,
11/18/2025 0:00,,,,,,,,,,,
11/19/2025 0:00,,,,,,,,,,,
11/20/2025 0:00,,,,,,,,,,,
11/21/2025 0:00,,,,,,,,,,,
11/22/2025 0:00,,,,,,,,,,,
11/23/2025 0:00,,,,,,,,,,,
11/24/2025 0:00,,,,,,,,,,,
11/25/2025 0:00,,,,,,,,,,,
11/26/2025 0:00,,,,,,,,,,,
11/27/2025 0:00,,,,,,,,,,,
11/28/2025 0:00,,,,,,,,,,,
11/29/2025 0:00,,,,,,,,,,,
11/30/2025 0:00,,,,,,,,,,,
12/1/2025 0:00,,,,,,,,,,,
12/2/2025 0:00,,,,,,,,,,,
12/3/2025 0:00,,,,,,,,,,,
12/4/2025 0:00,,,,,,,,,,,
12/5/2025 0:00,,,,,,,,,,,
12/6/2025 0:00,,,,,,,,,,,
12/7/2025 0:00,,,,,,,,,,,
12/8/2025 0:00,,,,,,,,,,,
12/9/2025 0:00,,,,,,,,,,,
12/10/2025 0:00,,,,,,,,,,,
12/11/2025 0:00,,,,,,,,,,,
12/12/2025 0:00,,,,,,,,,,,
12/13/2025 0:00,,,,,,,,,,,
12/14/2025 0:00,,,,,,,,,,,
12/15/2025 0:00,,,,,,,,,,,
12/16/2025 0:00,,,,,,,,,,,
12/17/2025 0:00,,,,,,,,,,,
12/18/2025 0:00,,,,,,,,,,,
12/19/2025 0:00,,,,,,,,,,,
12/20/2025 0:00,,,,,,,,,,,
12/21/2025 0:00,,,,,,,,,,,
12/22/2025 0:00,,,,,,,,,,,
12/23/2025 0:00,,,,,,,,,,,
12/24/2025 0:00,,,,,,,,,,,
12/25/2025 0:00,,,,,,,,,,,
12/26/2025 0:00,,,,,,,,,,,
12/27/2025 0:00,,,,,,,,,,,
12/28/2025 0:00,,,,,,,,,,,
12/29/2025 0:00,,,,,,,,,,,
12/30/2025 0:00,,,,,,,,,,,
12/31/2025 0:00,,,,,,,,,,,